Trade #,Datetime,Signal,Price USD,Net P&L USD,Drawdown USD,Cumulative P&L USD,hour,Market_ATR,Market_Price,Market_SMA200,Filter_Time,Filter_ATR,Filter_Trend,Filter_ALL,Time_Reason,ATR_Reason,Trend_Reason
1,2024-12-15 21:42:00,Long,21817.25,-45.0,-52.0,-45.0,21,66.14285714285714,21789.0,21544.15375,True,True,True,True,PASS,PASS,PASS
3,2024-12-16 02:06:00,Long,21809.0,24.5,-32.5,-1.0,2,66.01785714285714,21816.75,21553.00375,True,True,True,True,PASS,PASS,PASS
4,2024-12-16 04:33:00,Long,21830.25,22.0,-2.5,21.0,4,54.357142857142854,21790.5,21561.89875,True,True,True,True,PASS,PASS,PASS
5,2024-12-16 05:28:00,Long,21858.75,14.5,-4.0,35.5,5,54.357142857142854,21790.5,21561.89875,True,True,True,True,PASS,PASS,PASS
7,2024-12-16 07:32:00,Long,21880.75,35.5,-32.0,-8.0,7,33.44642857142857,21811.0,21570.98625,True,True,True,True,PASS,PASS,PASS
8,2024-12-16 08:48:00,Long,21912.0,60.5,-64.0,52.5,8,29.660714285714285,21846.75,21574.19125,True,True,True,True,PASS,PASS,PASS
10,2024-12-16 13:37:00,Long,22121.75,32.5,-37.0,127.0,13,29.553571428571427,21971.25,21589.925,True,True,True,True,PASS,PASS,PASS
11,2024-12-16 14:54:00,Long,22138.75,528.5,-86.5,655.5,14,34.142857142857146,21991.75,21593.22,True,True,True,True,PASS,PASS,PASS
12,2024-12-16 20:47:00,Long,22413.0,15.5,-6.5,671.0,20,46.464285714285715,22111.75,21616.08375,True,True,True,True,PASS,PASS,PASS
14,2024-12-17 05:54:00,Long,22407.75,-111.0,-114.0,415.0,5,31.285714285714285,22092.0,21644.48375,True,True,True,True,PASS,PASS,PASS
18,2024-12-17 19:43:00,Long,22289.25,21.5,-18.5,378.0,19,57.410714285714285,22015.75,21682.49875,True,True,True,True,PASS,PASS,PASS
19,2024-12-17 20:57:00,Long,22320.5,10.5,-7.5,388.5,20,54.94642857142857,22005.0,21684.9525,True,True,True,True,PASS,PASS,PASS
20,2024-12-17 21:43:00,Long,22325.75,11.0,-53.0,399.5,21,54.94642857142857,22005.0,21684.9525,True,True,True,True,PASS,PASS,PASS
21,2024-12-18 05:10:00,Long,22354.0,32.0,-3.0,431.5,5,48.464285714285715,22039.75,21702.485,True,True,True,True,PASS,PASS,PASS
30,2024-12-19 19:45:00,Short,21294.25,95.5,-33.5,1140.5,19,108.91071428571429,21110.75,21700.07375,True,True,True,True,PASS,PASS,PASS
32,2024-12-20 04:37:00,Short,21133.0,117.5,-30.5,937.5,4,98.83928571428571,20995.75,21675.09125,True,True,True,True,PASS,PASS,PASS
33,2024-12-20 07:03:00,Short,21067.25,49.0,-28.5,986.5,7,81.48214285714286,21015.75,21669.065,True,True,True,True,PASS,PASS,PASS
36,2024-12-20 13:43:00,Short,21667.75,188.0,-170.5,1445.5,13,66.39285714285714,20945.25,21647.68625,True,True,True,True,PASS,PASS,PASS
37,2024-12-20 15:51:00,Short,21583.75,-269.5,-274.5,1176.0,15,66.39285714285714,20945.25,21647.68625,True,True,True,True,PASS,PASS,PASS
45,2024-12-23 15:18:00,Short,21672.25,-202.5,-203.0,882.0,15,66.30357142857143,21560.25,21662.58625,True,True,True,True,PASS,PASS,PASS
46,2024-12-24 02:02:00,Long,21773.5,20.5,-9.0,902.5,2,81.03571428571429,21751.75,21677.2175,True,True,True,True,PASS,PASS,PASS
47,2024-12-24 04:46:00,Long,21792.0,17.0,-15.0,919.5,4,69.94642857142857,21751.5,21680.40375,True,True,True,True,PASS,PASS,PASS
48,2024-12-24 08:46:00,Long,21810.25,29.5,-3.0,949.0,8,69.94642857142857,21751.5,21680.40375,True,True,True,True,PASS,PASS,PASS
51,2024-12-25 22:48:00,Long,22103.25,-42.5,-55.0,1064.0,22,58.660714285714285,22090.25,21694.26875,True,True,True,True,PASS,PASS,PASS
54,2024-12-26 07:20:00,Long,21973.5,8.5,-115.0,1144.5,7,49.375,22078.75,21700.59875,True,True,True,True,PASS,PASS,PASS
64,2024-12-30 02:19:00,Short,21636.75,35.0,-7.5,1365.5,2,87.71428571428571,21689.25,21732.645,True,True,True,True,PASS,PASS,PASS
65,2024-12-30 08:12:00,Short,21456.25,103.0,-56.0,1468.5,8,52.535714285714285,21651.5,21729.0325,True,True,True,True,PASS,PASS,PASS
66,2024-12-30 08:45:00,Short,21401.0,208.0,-50.0,1676.5,8,46.67857142857143,21644.5,21728.14875,True,True,True,True,PASS,PASS,PASS
69,2024-12-30 15:57:00,Short,21440.25,149.5,-19.5,1983.0,15,76.96428571428571,21458.5,21717.90125,True,True,True,True,PASS,PASS,PASS
76,2025-01-02 08:20:00,Short,21422.0,102.5,-89.5,2362.0,8,97.5,21375.5,21628.61375,True,True,True,True,PASS,PASS,PASS
80,2025-01-02 13:03:00,Short,21019.5,-451.0,-458.0,1216.5,13,87.83928571428571,21417.5,21612.41125,True,True,True,True,PASS,PASS,PASS
83,2025-01-03 06:06:00,Short,21230.75,30.5,-43.5,1273.0,6,87.96428571428571,21237.25,21547.955,True,True,True,True,PASS,PASS,PASS
88,2025-01-06 02:11:00,Long,21554.25,25.0,-4.0,896.5,2,77.23214285714286,21509.5,21505.92625,True,True,True,True,PASS,PASS,PASS
89,2025-01-06 03:05:00,Long,21579.25,28.5,-8.5,925.0,3,75.67857142857143,21508.5,21507.32625,True,True,True,True,PASS,PASS,PASS
90,2025-01-06 04:22:00,Long,21645.25,47.5,-23.0,972.5,4,73.78571428571429,21522.75,21508.9925,True,True,True,True,PASS,PASS,PASS
94,2025-01-07 05:55:00,Long,21769.25,48.5,-101.0,906.0,5,53.92857142857143,21690.75,21573.92375,True,True,True,True,PASS,PASS,PASS
103,2025-01-08 19:29:00,Short,21295.75,-101.5,-102.5,217.0,19,109.73214285714286,21337.0,21573.86,True,True,True,True,PASS,PASS,PASS
106,2025-01-09 02:57:00,Short,21248.25,-159.5,-173.5,6.5,2,100.10714285714286,21310.75,21554.72125,True,True,True,True,PASS,PASS,PASS
108,2025-01-09 19:10:00,Short,21216.75,64.0,-23.5,-152.0,19,44.857142857142854,21237.5,21512.84375,True,True,True,True,PASS,PASS,PASS
112,2025-01-10 01:39:00,Short,21270.5,42.0,0.0,-42.0,1,50.44642857142857,21273.25,21501.09375,True,True,True,True,PASS,PASS,PASS
116,2025-01-10 16:02:00,Short,21005.0,20.5,-56.0,191.5,16,94.16071428571429,20899.75,21449.28875,True,True,True,True,PASS,PASS,PASS
117,2025-01-10 16:56:00,Short,20994.25,76.0,-69.0,267.5,16,102.07142857142857,21033.75,21444.78875,True,True,True,True,PASS,PASS,PASS
126,2025-01-14 05:01:00,Short,21087.5,26.0,-41.0,751.5,5,74.42857142857143,21058.0,21329.44375,True,True,True,True,PASS,PASS,PASS
127,2025-01-14 06:47:00,Short,21044.25,69.0,-28.5,820.5,6,60.625,21059.5,21326.04125,True,True,True,True,PASS,PASS,PASS
131,2025-01-15 03:01:00,Short,20922.0,-105.0,-107.0,336.5,3,101.75,20935.25,21286.68625,True,True,True,True,PASS,PASS,PASS
134,2025-01-15 13:43:00,Long,21384.75,31.0,-27.0,770.5,13,61.57142857142857,21327.25,21266.60375,True,True,True,True,PASS,PASS,PASS
135,2025-01-15 14:27:00,Long,21402.75,39.0,-1.0,809.5,14,61.57142857142857,21327.25,21266.60375,True,True,True,True,PASS,PASS,PASS
136,2025-01-15 15:11:00,Long,21431.5,36.5,-7.5,846.0,15,66.35714285714286,21318.75,21266.8125,True,True,True,True,PASS,PASS,PASS
138,2025-01-16 01:58:00,Long,21446.25,71.0,-28.5,771.5,1,88.08928571428571,21398.5,21277.23375,True,True,True,True,PASS,PASS,PASS
142,2025-01-17 03:42:00,Long,21299.0,35.0,-19.5,338.5,3,78.66071428571429,21289.0,21276.83125,True,True,True,True,PASS,PASS,PASS
143,2025-01-17 08:42:00,Long,21496.0,70.0,-9.0,408.5,8,50.19642857142857,21343.25,21269.72875,True,True,True,True,PASS,PASS,PASS
146,2025-01-20 01:41:00,Long,21583.5,18.5,-3.0,359.5,1,75.03571428571429,21560.75,21251.52125,True,True,True,True,PASS,PASS,PASS
147,2025-01-20 03:06:00,Long,21632.5,-100.0,-124.0,259.5,3,73.76785714285714,21560.75,21250.58875,True,True,True,True,PASS,PASS,PASS
150,2025-01-20 18:47:00,Long,21733.5,18.5,-23.0,-23.5,18,49.767857142857146,21592.0,21249.22375,True,True,True,True,PASS,PASS,PASS
151,2025-01-21 04:06:00,Long,21662.5,90.5,-13.0,67.0,4,49.767857142857146,21592.0,21249.22375,True,True,True,True,PASS,PASS,PASS
155,2025-01-21 13:05:00,Long,21740.5,62.0,-21.5,-317.5,13,43.142857142857146,21725.25,21246.43625,True,True,True,True,PASS,PASS,PASS
156,2025-01-21 18:01:00,Long,21786.75,43.5,-35.5,-274.0,18,71.58928571428571,21752.75,21250.70875,True,True,True,True,PASS,PASS,PASS
157,2025-01-21 21:35:00,Long,21846.25,9.5,-34.0,-264.5,21,75.21428571428571,21772.5,21256.005,True,True,True,True,PASS,PASS,PASS
158,2025-01-21 23:31:00,Long,21857.75,17.0,-2.0,-247.5,23,72.55357142857143,21837.0,21260.25125,True,True,True,True,PASS,PASS,PASS
159,2025-01-22 08:13:00,Long,21917.75,21.5,-12.5,-226.0,8,39.67857142857143,21891.75,21278.035,True,True,True,True,PASS,PASS,PASS
166,2025-01-23 05:15:00,Long,21897.75,15.0,-51.0,-94.5,5,39.57142857142857,21952.75,21340.90875,True,True,True,True,PASS,PASS,PASS
167,2025-01-23 13:33:00,Long,21972.0,100.5,-96.5,6.0,13,33.464285714285715,21897.5,21367.88375,True,True,True,True,PASS,PASS,PASS
168,2025-01-23 21:56:00,Long,22050.5,-135.0,-142.5,-129.0,21,51.92857142857143,22021.75,21392.5475,True,True,True,True,PASS,PASS,PASS
174,2025-01-27 03:41:00,Short,21212.25,90.5,-114.0,309.0,3,85.92857142857143,21499.25,21518.66,True,True,True,True,PASS,PASS,PASS
175,2025-01-27 05:15:00,Short,21115.5,101.5,-5.5,410.5,5,87.14285714285714,21432.25,21521.73625,True,True,True,True,PASS,PASS,PASS
178,2025-01-28 07:31:00,Short,21259.0,149.5,-197.0,458.0,7,86.10714285714286,21394.5,21554.72,True,True,True,True,PASS,PASS,PASS
189,2025-01-30 03:18:00,Long,21688.0,-109.0,-118.0,326.0,3,102.80357142857143,21673.25,21630.105,True,True,True,True,PASS,PASS,PASS
193,2025-01-30 14:11:00,Long,21610.75,49.5,-26.5,680.0,14,55.732142857142854,21674.25,21645.38875,True,True,True,True,PASS,PASS,PASS
195,2025-01-31 06:57:00,Long,21806.75,55.5,-113.5,792.5,6,73.375,21789.5,21673.6525,True,True,True,True,PASS,PASS,PASS
204,2025-02-04 15:38:00,Long,21650.0,48.0,-26.5,1482.5,15,83.01785714285714,21657.5,21584.78125,True,True,True,True,PASS,PASS,PASS
207,2025-02-05 00:53:00,Short,21536.25,38.5,-26.5,1582.5,0,82.58928571428571,21570.25,21571.55625,True,True,True,True,PASS,PASS,PASS
208,2025-02-05 02:35:00,Short,21494.5,59.5,-92.5,1642.0,2,76.69642857142857,21543.0,21568.2175,True,True,True,True,PASS,PASS,PASS
211,2025-02-05 22:01:00,Long,21786.25,16.0,-34.5,1876.0,22,63.214285714285715,21773.0,21532.725,True,True,True,True,PASS,PASS,PASS
212,2025-02-06 00:36:00,Long,21827.0,-104.5,-112.5,1771.5,0,58.44642857142857,21767.75,21530.59,True,True,True,True,PASS,PASS,PASS
214,2025-02-06 04:05:00,Long,21813.5,-68.0,-73.0,1626.0,4,54.125,21805.25,21527.3125,True,True,True,True,PASS,PASS,PASS
217,2025-02-06 08:00:00,Long,21763.5,20.0,-22.0,1725.0,8,36.035714285714285,21803.0,21523.0225,True,True,True,True,PASS,PASS,PASS
218,2025-02-06 13:25:00,Long,21832.5,59.0,-241.5,1784.0,13,35.839285714285715,21776.25,21519.3775,True,True,True,True,PASS,PASS,PASS
219,2025-02-06 20:36:00,Long,21877.25,29.5,-5.0,1813.5,20,73.82142857142857,21845.25,21528.195,True,True,True,True,PASS,PASS,PASS
222,2025-02-07 02:34:00,Long,21870.0,115.5,-160.0,1878.5,2,67.60714285714286,21872.25,21545.23625,True,True,True,True,PASS,PASS,PASS
225,2025-02-09 20:19:00,Long,21690.75,17.0,-63.0,1377.0,20,100.67857142857143,21644.75,21595.9425,True,True,True,True,PASS,PASS,PASS
227,2025-02-10 05:39:00,Long,21732.5,56.5,-75.0,1340.0,5,72.17857142857143,21694.5,21607.73125,True,True,True,True,PASS,PASS,PASS
228,2025-02-10 08:58:00,Long,21784.75,122.5,-85.0,1462.5,8,52.125,21708.75,21612.14625,True,True,True,True,PASS,PASS,PASS
230,2025-02-11 04:07:00,Long,21779.25,-148.0,-154.0,1353.0,4,44.910714285714285,21783.25,21630.45125,True,True,True,True,PASS,PASS,PASS
234,2025-02-12 08:00:00,Long,21830.75,-599.5,-631.5,787.5,8,34.375,21798.5,21655.3625,True,True,True,True,PASS,PASS,PASS
237,2025-02-12 18:02:00,Long,21864.5,35.5,-38.5,356.5,18,89.78571428571429,21792.5,21660.04125,True,True,True,True,PASS,PASS,PASS
238,2025-02-12 23:20:00,Long,21921.5,-154.0,-160.0,202.5,23,103.0,21888.25,21662.1275,True,True,True,True,PASS,PASS,PASS
241,2025-02-13 04:51:00,Long,21835.25,14.0,-53.5,153.5,4,63.839285714285715,21899.75,21665.59875,True,True,True,True,PASS,PASS,PASS
245,2025-02-13 14:29:00,Long,22028.75,49.0,-14.0,191.0,14,54.732142857142854,21920.0,21668.8425,True,True,True,True,PASS,PASS,PASS
246,2025-02-13 15:09:00,Long,22081.0,75.5,-38.0,266.5,15,65.19642857142857,22038.25,21673.45875,True,True,True,True,PASS,PASS,PASS
247,2025-02-13 20:23:00,Long,22112.75,28.0,-11.5,294.5,20,86.69642857142857,22110.0,21697.5175,True,True,True,True,PASS,PASS,PASS
250,2025-02-14 07:57:00,Long,22080.25,56.5,-20.5,327.5,7,42.392857142857146,22118.0,21748.57875,True,True,True,True,PASS,PASS,PASS
253,2025-02-14 14:11:00,Long,22199.25,34.0,-87.0,425.5,14,34.82142857142857,22127.25,21768.14125,True,True,True,True,PASS,PASS,PASS
254,2025-02-16 21:14:00,Long,22254.5,19.5,-2.0,445.0,21,51.732142857142854,22211.5,21796.50125,True,True,True,True,PASS,PASS,PASS
255,2025-02-16 22:19:00,Long,22270.0,10.0,-40.0,455.0,22,51.732142857142854,22211.5,21796.50125,True,True,True,True,PASS,PASS,PASS
256,2025-02-17 00:16:00,Long,22279.75,16.5,-175.5,471.5,0,50.839285714285715,22221.25,21800.57875,True,True,True,True,PASS,PASS,PASS
257,2025-02-18 02:01:00,Long,22304.75,19.0,-7.0,490.5,2,44.232142857142854,22253.0,21822.2125,True,True,True,True,PASS,PASS,PASS
260,2025-02-18 19:48:00,Long,22271.5,10.5,-2.5,474.0,19,56.214285714285715,22239.0,21871.49,True,True,True,True,PASS,PASS,PASS
261,2025-02-18 20:19:00,Long,22280.25,0.0,-34.5,474.0,20,56.214285714285715,22239.0,21871.49,True,True,True,True,PASS,PASS,PASS
264,2025-02-19 07:47:00,Long,22248.5,45.0,-261.0,544.0,7,34.785714285714285,22261.0,21912.655,True,True,True,True,PASS,PASS,PASS
268,2025-02-20 04:07:00,Long,22185.0,37.5,-9.0,636.5,4,53.267857142857146,22176.5,21955.1575,True,True,True,True,PASS,PASS,PASS
269,2025-02-20 05:41:00,Long,22211.75,1.0,-76.0,637.5,5,45.125,22159.25,21959.09875,True,True,True,True,PASS,PASS,PASS
271,2025-02-20 18:32:00,Long,22154.75,36.0,-2.0,698.5,18,65.23214285714286,22116.75,21978.0525,True,True,True,True,PASS,PASS,PASS
273,2025-02-21 02:21:00,Long,22153.0,13.0,-97.5,645.0,2,68.14285714285714,22150.0,21986.83625,True,True,True,True,PASS,PASS,PASS
274,2025-02-21 04:20:00,Long,22159.25,16.5,-13.0,661.5,4,66.44642857142857,22125.25,21989.5225,True,True,True,True,PASS,PASS,PASS
275,2025-02-21 05:16:00,Long,22168.0,14.0,-31.5,675.5,5,51.55357142857143,22125.25,21990.82375,True,True,True,True,PASS,PASS,PASS
276,2025-02-21 07:41:00,Long,22208.5,18.0,-2.5,693.5,7,35.67857142857143,22148.0,21995.4825,True,True,True,True,PASS,PASS,PASS
277,2025-02-21 08:16:00,Long,22227.0,27.5,-27.5,721.0,8,35.67857142857143,22148.0,21995.4825,True,True,True,True,PASS,PASS,PASS
284,2025-02-24 15:41:00,Short,21523.0,103.0,-10.5,1095.0,15,69.76785714285714,21576.5,22011.78125,True,True,True,True,PASS,PASS,PASS
285,2025-02-24 16:38:00,Short,21423.75,48.5,-59.0,1143.5,16,74.58928571428571,21605.25,22010.83,True,True,True,True,PASS,PASS,PASS
287,2025-02-25 02:50:00,Short,21342.75,39.0,-122.5,975.5,2,93.35714285714286,21430.25,21997.23375,True,True,True,True,PASS,PASS,PASS
296,2025-02-26 13:16:00,Short,21213.5,153.0,-77.5,1042.0,13,39.535714285714285,21272.75,21915.0225,True,True,True,True,PASS,PASS,PASS
302,2025-02-27 14:24:00,Short,20955.75,116.0,0.0,457.0,14,82.85714285714286,21009.0,21833.83,True,True,True,True,PASS,PASS,PASS
303,2025-02-27 15:02:00,Short,20794.75,145.0,-16.0,602.0,15,95.85714285714286,21018.5,21828.5075,True,True,True,True,PASS,PASS,PASS
304,2025-02-27 15:29:00,Short,20711.75,117.0,-60.0,719.0,15,95.85714285714286,21018.5,21828.5075,True,True,True,True,PASS,PASS,PASS
308,2025-02-28 07:32:00,Short,20603.25,252.0,-123.0,956.5,7,100.44642857142857,20660.0,21715.54625,True,True,True,True,PASS,PASS,PASS
315,2025-03-03 13:28:00,Short,20713.25,193.0,-213.0,1560.5,13,68.35714285714286,21065.5,21521.03625,True,True,True,True,PASS,PASS,PASS
316,2025-03-03 15:20:00,Short,20448.0,134.5,-36.5,1695.0,15,90.10714285714286,20858.0,21507.1825,True,True,True,True,PASS,PASS,PASS
327,2025-03-06 05:02:00,Short,20378.75,79.5,-120.5,2350.0,5,101.25,20611.25,21017.64125,True,True,True,True,PASS,PASS,PASS
331,2025-03-07 05:32:00,Short,20176.75,24.5,-50.0,1654.5,5,104.78571428571429,20129.0,20832.28375,True,True,True,True,PASS,PASS,PASS
332,2025-03-07 07:40:00,Short,20122.75,47.5,-12.5,1702.0,7,80.55357142857143,20169.5,20818.665,True,True,True,True,PASS,PASS,PASS
338,2025-03-10 08:29:00,Short,19893.5,253.0,-100.0,2299.0,8,97.375,19960.0,20662.4575,True,True,True,True,PASS,PASS,PASS
341,2025-03-10 14:04:00,Short,19432.0,150.0,-133.0,2693.5,14,98.92857142857143,19554.25,20622.39875,True,True,True,True,PASS,PASS,PASS
358,2025-03-13 07:37:00,Short,19524.25,-129.5,-145.5,2478.5,7,82.19642857142857,19492.75,20137.2825,True,True,True,True,PASS,PASS,PASS
365,2025-03-16 18:51:00,Short,19600.75,68.0,-24.5,1576.0,18,97.125,19569.5,19899.51875,True,True,True,True,PASS,PASS,PASS
366,2025-03-17 03:02:00,Short,19568.75,23.0,-17.5,1599.0,3,87.19642857142857,19586.0,19877.23625,True,True,True,True,PASS,PASS,PASS
371,2025-03-17 18:31:00,Long,20060.5,-253.5,-280.5,1707.0,18,94.76785714285714,19832.5,19818.3,True,True,True,True,PASS,PASS,PASS
372,2025-03-18 06:16:00,Short,19933.75,45.5,-128.0,1752.5,6,64.23214285714286,19767.0,19781.8525,True,True,True,True,PASS,PASS,PASS
374,2025-03-19 00:58:00,Short,19733.75,14.0,-57.0,1938.5,0,89.94642857142857,19564.25,19694.79125,True,True,True,True,PASS,PASS,PASS
376,2025-03-19 16:53:00,Short,19942.0,-218.0,-231.0,1856.5,16,70.53571428571429,19610.5,19641.31,True,True,True,True,PASS,PASS,PASS
377,2025-03-19 21:12:00,Long,20051.0,4.0,-52.0,1860.5,21,101.625,19807.0,19633.7125,True,True,True,True,PASS,PASS,PASS
378,2025-03-19 22:54:00,Long,20070.75,23.0,-9.0,1883.5,22,98.42857142857143,19823.5,19631.99875,True,True,True,True,PASS,PASS,PASS
382,2025-03-20 20:21:00,Long,19921.25,19.5,-45.0,1774.5,20,107.07142857142857,19690.5,19595.505,True,True,True,True,PASS,PASS,PASS
385,2025-03-21 16:32:00,Long,19964.5,204.5,-16.5,1581.0,16,93.71791294642857,19970.75,19587.82125,True,True,True,True,PASS,PASS,PASS
386,2025-03-23 20:26:00,Long,20124.5,21.5,-56.5,1602.5,20,100.86077008928571,20063.5,19591.6175,True,True,True,True,PASS,PASS,PASS
387,2025-03-24 03:47:00,Long,20169.25,50.0,-23.5,1652.5,3,95.25362723214286,20112.5,19613.81,True,True,True,True,PASS,PASS,PASS
388,2025-03-24 04:50:00,Long,20209.0,35.5,-59.0,1688.0,4,89.05719866071429,20117.0,19617.02375,True,True,True,True,PASS,PASS,PASS
389,2025-03-24 07:02:00,Long,20219.75,45.5,-19.0,1733.5,7,85.21791294642857,20167.5,19623.365,True,True,True,True,PASS,PASS,PASS
390,2025-03-24 07:41:00,Long,20248.5,40.5,-21.5,1774.0,7,87.68219866071429,20210.75,19626.695,True,True,True,True,PASS,PASS,PASS
393,2025-03-25 03:14:00,Long,20369.0,-140.0,-149.5,1732.5,3,44.285714285714285,20336.5,19705.12875,True,True,True,True,PASS,PASS,PASS
395,2025-03-25 07:02:00,Long,20387.25,31.5,-47.5,1587.5,7,28.25,20338.25,19722.3925,True,True,True,True,PASS,PASS,PASS
396,2025-03-25 08:08:00,Long,20415.0,49.5,-22.5,1637.0,8,29.392857142857142,20303.75,19726.11,True,True,True,True,PASS,PASS,PASS
400,2025-03-26 03:18:00,Long,20482.25,16.5,-1.5,1653.0,3,50.339285714285715,20478.0,19803.01125,True,True,True,True,PASS,PASS,PASS
404,2025-03-26 21:12:00,Long,20087.75,37.5,-32.5,1803.0,21,81.94642857142857,20019.0,19883.915,True,True,True,True,PASS,PASS,PASS
405,2025-03-26 22:25:00,Long,20115.0,14.5,-14.5,1817.5,22,81.94642857142857,20019.0,19883.915,True,True,True,True,PASS,PASS,PASS
406,2025-03-26 23:01:00,Long,20121.5,36.5,-13.0,1854.0,23,83.01785714285714,20059.75,19887.21125,True,True,True,True,PASS,PASS,PASS
407,2025-03-27 00:06:00,Long,20142.5,-152.5,-152.5,1701.5,0,83.57142857142857,20072.0,19890.5575,True,True,True,True,PASS,PASS,PASS
409,2025-03-27 05:28:00,Long,20113.25,30.5,-351.0,1811.0,5,64.17857142857143,20114.5,19907.765,True,True,True,True,PASS,PASS,PASS
415,2025-03-28 08:59:00,Short,19871.25,163.5,-189.0,1670.5,8,51.982142857142854,19909.5,19966.40875,True,True,True,True,PASS,PASS,PASS
425,2025-04-01 14:50:00,Short,19398.25,46.5,-590.0,1833.5,14,89.48214285714286,19592.0,19896.27875,True,True,True,True,PASS,PASS,PASS
426,2025-04-02 08:24:00,Short,19377.25,94.0,-39.5,1927.5,8,67.875,19530.5,19876.97375,True,True,True,True,PASS,PASS,PASS
430,2025-04-02 16:28:00,Short,19608.5,899.5,-7.5,2399.0,16,89.83928571428571,19813.25,19871.44,True,True,True,True,PASS,PASS,PASS
441,2025-04-04 06:52:00,Short,18077.25,87.0,-164.0,2443.0,6,101.25,18586.5,19692.73875,True,True,True,True,PASS,PASS,PASS
488,2025-04-14 08:58:00,Long,19187.0,56.5,-26.5,1717.0,8,109.73214285714286,19065.75,18383.45375,True,True,True,True,PASS,PASS,PASS
504,2025-04-17 08:34:00,Long,18575.25,-384.0,-398.5,1779.0,8,85.03571428571429,18577.5,18287.16375,True,True,True,True,PASS,PASS,PASS
507,2025-04-17 14:32:00,Long,18517.5,-507.0,-595.0,1540.5,14,94.64285714285714,18339.5,18320.99,True,True,True,True,PASS,PASS,PASS
512,2025-04-21 13:26:00,Short,17741.5,66.0,-66.0,1829.0,13,70.94642857142857,17994.5,18441.1025,True,True,True,True,PASS,PASS,PASS
514,2025-04-22 04:09:00,Short,18071.75,-138.0,-152.0,1774.0,4,91.76785714285714,17986.25,18448.4425,True,True,True,True,PASS,PASS,PASS
518,2025-04-22 13:49:00,Short,18249.75,-230.5,-244.0,1998.5,13,79.0,18340.5,18471.48,True,True,True,True,PASS,PASS,PASS
523,2025-04-23 08:57:00,Long,18960.75,49.5,-144.0,2216.0,8,100.82142857142857,18844.75,18604.175,True,True,True,True,PASS,PASS,PASS
527,2025-04-24 06:31:00,Long,18724.25,69.5,-4.5,2466.0,6,91.69642857142857,18676.0,18587.2825,True,True,True,True,PASS,PASS,PASS
531,2025-04-24 16:41:00,Long,19370.25,62.5,-83.5,2847.0,16,108.92857142857143,19265.0,18615.5,True,True,True,True,PASS,PASS,PASS
532,2025-04-24 18:39:00,Long,19405.5,55.0,-31.0,2902.0,18,110.48214285714286,19319.0,18624.41125,True,True,True,True,PASS,PASS,PASS
534,2025-04-24 23:49:00,Long,19435.5,75.5,-7.5,2839.5,23,106.42857142857143,19456.5,18640.365,True,True,True,True,PASS,PASS,PASS
536,2025-04-25 16:33:00,Long,19558.5,-167.0,-208.5,2736.0,16,106.80357142857143,19428.25,18696.10875,True,True,True,True,PASS,PASS,PASS
540,2025-04-28 05:23:00,Long,19508.5,51.0,-12.5,2649.5,5,74.01785714285714,19416.25,18715.4,True,True,True,True,PASS,PASS,PASS
543,2025-04-28 14:16:00,Long,19386.0,49.5,-46.5,2580.0,14,64.35714285714286,19471.75,18740.665,True,True,True,True,PASS,PASS,PASS
544,2025-04-28 14:39:00,Long,19414.5,80.0,-11.0,2660.0,14,74.625,19347.75,18743.15,True,True,True,True,PASS,PASS,PASS
545,2025-04-28 15:15:00,Long,19472.25,69.0,-5.0,2729.0,15,74.625,19347.75,18743.15,True,True,True,True,PASS,PASS,PASS
546,2025-04-28 15:42:00,Long,19520.0,110.0,-18.0,2839.0,15,77.71428571428571,19318.0,18745.1725,True,True,True,True,PASS,PASS,PASS
548,2025-04-28 21:33:00,Long,19560.75,42.0,-15.0,2696.0,21,94.0,19486.0,18759.1725,True,True,True,True,PASS,PASS,PASS
549,2025-04-28 21:58:00,Long,19595.5,26.5,-5.5,2722.5,21,94.0,19486.0,18759.1725,True,True,True,True,PASS,PASS,PASS
550,2025-04-28 22:27:00,Long,19627.75,-104.5,-138.5,2618.0,22,94.0,19486.0,18759.1725,True,True,True,True,PASS,PASS,PASS
552,2025-04-29 03:43:00,Long,19596.25,38.0,-15.0,2674.0,3,82.55357142857143,19552.75,18777.1225,True,True,True,True,PASS,PASS,PASS
553,2025-04-29 14:17:00,Long,19680.25,-197.0,-226.0,2477.0,14,76.85714285714286,19597.0,18806.00625,True,True,True,True,PASS,PASS,PASS
556,2025-04-30 02:23:00,Long,19567.5,10.5,-38.0,2566.5,2,90.78571428571429,19509.25,18856.6175,True,True,True,True,PASS,PASS,PASS
557,2025-04-30 03:56:00,Long,19589.5,25.0,-66.5,2591.5,3,77.25,19519.75,18864.9225,True,True,True,True,PASS,PASS,PASS
562,2025-04-30 14:08:00,Long,19528.75,76.0,-165.0,3229.5,14,87.30357142857143,19333.0,18915.34125,True,True,True,True,PASS,PASS,PASS
566,2025-05-01 05:20:00,Long,19992.5,30.0,-39.0,3422.5,5,110.625,19921.5,19002.47,True,True,True,True,PASS,PASS,PASS
567,2025-05-01 05:51:00,Long,20009.5,28.5,-17.0,3451.0,5,103.89285714285714,19922.0,19009.74125,True,True,True,True,PASS,PASS,PASS
570,2025-05-01 21:14:00,Long,19941.25,72.5,-45.0,3351.5,21,104.19642857142857,19788.5,19131.50125,True,True,True,True,PASS,PASS,PASS
571,2025-05-01 23:20:00,Long,19969.0,19.0,-14.5,3370.5,23,103.60714285714286,19789.5,19139.35875,True,True,True,True,PASS,PASS,PASS
574,2025-05-02 06:29:00,Long,19944.0,153.0,-85.5,3442.0,6,86.26785714285714,19930.25,19203.18625,True,True,True,True,PASS,PASS,PASS
580,2025-05-05 01:43:00,Long,20069.25,37.0,-44.0,3451.5,1,88.01785714285714,20035.25,19404.975,True,True,True,True,PASS,PASS,PASS
584,2025-05-05 14:27:00,Long,20169.0,23.5,-22.0,3258.0,14,60.160714285714285,20105.0,19508.065,True,True,True,True,PASS,PASS,PASS
589,2025-05-06 06:59:00,Long,19888.75,12.0,-301.0,3462.0,6,54.982142857142854,19902.25,19604.52375,True,True,True,True,PASS,PASS,PASS
591,2025-05-07 04:02:00,Long,20020.5,-443.0,-464.0,2683.0,4,109.28571428571429,20013.0,19718.26625,True,True,True,True,PASS,PASS,PASS
593,2025-05-07 23:04:00,Long,20110.75,32.5,-2.0,2838.5,23,102.5,19953.0,19775.44875,True,True,True,True,PASS,PASS,PASS
594,2025-05-07 23:33:00,Long,20156.0,20.0,-20.0,2858.5,23,107.26785714285714,20027.75,19778.4975,True,True,True,True,PASS,PASS,PASS
595,2025-05-08 00:08:00,Long,20170.0,33.0,-0.5,2891.5,0,107.26785714285714,20027.75,19778.4975,True,True,True,True,PASS,PASS,PASS
597,2025-05-08 05:21:00,Long,20230.0,25.5,-15.5,2930.0,5,99.875,20156.75,19799.195,True,True,True,True,PASS,PASS,PASS
602,2025-05-08 21:45:00,Long,20154.5,20.0,-19.0,3243.5,21,101.73214285714286,20161.0,19860.61375,True,True,True,True,PASS,PASS,PASS
603,2025-05-09 02:31:00,Long,20196.0,58.5,-56.5,3302.0,2,98.35714285714286,20187.75,19877.09875,True,True,True,True,PASS,PASS,PASS
604,2025-05-09 06:31:00,Long,20231.0,37.0,-181.5,3339.0,6,63.214285714285715,20193.0,19890.9425,True,True,True,True,PASS,PASS,PASS
606,2025-05-11 19:44:00,Long,20479.25,28.5,-75.5,3747.5,19,96.32142857142857,20407.0,19940.02375,True,True,True,True,PASS,PASS,PASS
607,2025-05-11 21:02:00,Long,20515.5,49.0,-29.0,3796.5,21,96.32142857142857,20407.0,19940.02375,True,True,True,True,PASS,PASS,PASS
608,2025-05-12 02:06:00,Long,20558.5,39.5,-34.0,3836.0,2,96.28571428571429,20529.5,19958.48125,True,True,True,True,PASS,PASS,PASS
609,2025-05-12 05:02:00,Long,20890.25,94.0,-29.0,3930.0,5,76.85714285714286,20552.25,19974.275,True,True,True,True,PASS,PASS,PASS
610,2025-05-12 06:56:00,Long,20957.5,7.0,-150.0,3937.0,6,94.23214285714286,20810.75,19985.63,True,True,True,True,PASS,PASS,PASS
615,2025-05-13 06:38:00,Long,20886.5,36.5,-7.0,4082.0,6,47.785714285714285,20846.5,20141.545,True,True,True,True,PASS,PASS,PASS
616,2025-05-13 07:09:00,Long,20910.0,37.0,-4.0,4119.0,7,47.785714285714285,20846.5,20141.545,True,True,True,True,PASS,PASS,PASS
617,2025-05-13 07:41:00,Long,20929.25,24.5,-17.0,4143.5,7,47.05357142857143,20833.75,20148.4975,True,True,True,True,PASS,PASS,PASS
619,2025-05-13 15:38:00,Long,21338.0,-150.5,-186.0,4048.5,15,70.55357142857143,21321.25,20203.76625,True,True,True,True,PASS,PASS,PASS
621,2025-05-14 01:06:00,Long,21313.25,67.0,-21.0,4133.5,1,74.21428571428571,21283.75,20257.5025,True,True,True,True,PASS,PASS,PASS
623,2025-05-14 07:01:00,Long,21302.75,56.5,-2.5,4254.5,7,43.375,21305.75,20297.135,True,True,True,True,PASS,PASS,PASS
624,2025-05-14 14:35:00,Long,21390.75,28.0,-119.0,4282.5,14,59.107142857142854,21376.25,20354.18875,True,True,True,True,PASS,PASS,PASS
625,2025-05-14 23:03:00,Long,21408.0,-211.0,-222.0,4071.5,23,66.67857142857143,21375.25,20404.08875,True,True,True,True,PASS,PASS,PASS
630,2025-05-15 13:17:00,Long,21503.75,38.0,-4.5,4340.0,13,56.785714285714285,21299.0,20490.63125,True,True,True,True,PASS,PASS,PASS
632,2025-05-15 23:06:00,Long,21403.0,11.0,-5.0,4257.5,23,67.44642857142857,21414.25,20558.205,True,True,True,True,PASS,PASS,PASS
633,2025-05-16 04:30:00,Long,21464.5,35.5,-67.5,4293.0,4,48.625,21387.0,20599.55125,True,True,True,True,PASS,PASS,PASS
634,2025-05-16 08:08:00,Long,21484.25,25.0,-9.0,4318.0,8,44.732142857142854,21460.5,20619.205,True,True,True,True,PASS,PASS,PASS
636,2025-05-16 15:06:00,Long,21496.0,14.0,-69.0,4388.5,15,56.607142857142854,21412.5,20667.39375,True,True,True,True,PASS,PASS,PASS
637,2025-05-18 19:30:00,Long,21378.25,42.0,-7.0,4430.5,19,71.17857142857143,21370.0,20711.72125,True,True,True,True,PASS,PASS,PASS
641,2025-05-19 05:43:00,Long,21176.75,33.0,-92.5,4455.0,5,68.375,21187.25,20767.7825,True,True,True,True,PASS,PASS,PASS
642,2025-05-19 07:07:00,Long,21206.0,216.5,-104.0,4671.5,7,69.71428571428571,21194.5,20774.27,True,True,True,True,PASS,PASS,PASS
644,2025-05-19 13:35:00,Long,21542.25,14.0,-197.0,4723.5,13,74.89285714285714,21394.0,20819.86625,True,True,True,True,PASS,PASS,PASS
647,2025-05-20 13:06:00,Long,21471.0,-187.5,-346.0,4593.5,13,51.42857142857143,21394.75,20985.3325,True,True,True,True,PASS,PASS,PASS
651,2025-05-21 07:43:00,Long,21352.25,18.5,-182.5,4464.5,7,59.017857142857146,21322.5,21096.4925,True,True,True,True,PASS,PASS,PASS
655,2025-05-22 08:13:00,Short,21078.5,-446.5,-503.5,3933.0,8,56.55357142857143,21198.25,21219.10375,True,True,True,True,PASS,PASS,PASS
657,2025-05-22 16:11:00,Short,21177.0,72.5,-118.5,3756.0,16,82.75,21218.0,21255.20875,True,True,True,True,PASS,PASS,PASS
658,2025-05-23 00:57:00,Short,21144.75,13.0,-73.0,3769.0,0,104.48214285714286,21162.25,21277.15625,True,True,True,True,PASS,PASS,PASS
660,2025-05-23 05:23:00,Short,21166.5,5.0,-48.5,3670.5,5,68.83928571428571,21153.25,21282.61625,True,True,True,True,PASS,PASS,PASS
661,2025-05-23 07:44:00,Short,21018.25,352.0,-2.5,4022.5,7,60.910714285714285,21188.0,21288.19375,True,True,True,True,PASS,PASS,PASS
668,2025-05-26 18:49:00,Short,21233.0,46.0,-27.5,4225.0,18,39.892857142857146,21283.5,21303.03,True,True,True,True,PASS,PASS,PASS
676,2025-05-27 13:46:00,Long,21462.25,29.5,-14.5,4496.0,13,60.410714285714285,21355.25,21297.2175,True,True,True,True,PASS,PASS,PASS
678,2025-05-27 16:48:00,Long,21474.25,17.0,-44.0,4396.5,16,62.660714285714285,21476.75,21297.86875,True,True,True,True,PASS,PASS,PASS
680,2025-05-28 06:24:00,Long,21454.0,45.5,-9.0,4352.5,6,32.625,21436.0,21305.48125,True,True,True,True,PASS,PASS,PASS
681,2025-05-28 08:40:00,Long,21527.75,7.5,-79.5,4360.0,8,26.892857142857142,21430.0,21307.585,True,True,True,True,PASS,PASS,PASS
683,2025-05-28 18:09:00,Long,21520.5,38.5,-32.5,4439.5,18,50.80357142857143,21469.0,21310.3625,True,True,True,True,PASS,PASS,PASS
684,2025-05-28 19:38:00,Long,21750.25,36.5,-82.0,4476.0,19,73.48214285714286,21379.75,21310.24875,True,True,True,True,PASS,PASS,PASS
693,2025-05-30 14:07:00,Long,21214.5,131.0,-21.5,4272.5,14,72.51785714285714,21354.5,21342.16625,True,True,True,True,PASS,PASS,PASS
701,2025-06-02 14:52:00,Long,21513.75,85.0,-36.0,4646.0,14,72.35714285714286,21434.25,21321.03375,True,True,True,True,PASS,PASS,PASS
703,2025-06-03 05:25:00,Long,21448.5,28.5,-21.0,4703.5,5,47.892857142857146,21464.5,21328.0125,True,True,True,True,PASS,PASS,PASS
704,2025-06-03 05:50:00,Long,21462.75,8.0,-51.0,4711.5,5,44.267857142857146,21470.0,21329.01375,True,True,True,True,PASS,PASS,PASS
705,2025-06-03 07:35:00,Long,21513.0,23.5,-6.5,4735.0,7,45.982142857142854,21443.5,21330.22375,True,True,True,True,PASS,PASS,PASS
706,2025-06-03 07:54:00,Long,21524.5,32.0,-26.5,4767.0,7,45.982142857142854,21443.5,21330.22375,True,True,True,True,PASS,PASS,PASS
709,2025-06-03 13:17:00,Long,21744.5,14.0,-219.0,4904.0,13,43.535714285714285,21594.75,21332.3675,True,True,True,True,PASS,PASS,PASS
711,2025-06-04 13:36:00,Long,21782.5,-84.5,-141.0,4905.0,13,46.92857142857143,21761.0,21394.3075,True,True,True,True,PASS,PASS,PASS
717,2025-06-09 03:31:00,Long,21768.25,33.0,-6.0,4191.5,3,61.214285714285715,21747.0,21558.16,True,True,True,True,PASS,PASS,PASS
718,2025-06-09 13:07:00,Long,21879.5,-111.5,-122.0,4080.0,13,34.214285714285715,21787.0,21575.3175,True,True,True,True,PASS,PASS,PASS
720,2025-06-09 21:06:00,Long,21873.0,48.0,-5.5,4164.5,21,46.089285714285715,21825.5,21590.71875,True,True,True,True,PASS,PASS,PASS
721,2025-06-09 21:57:00,Long,21969.0,-111.5,-113.5,4053.0,21,46.089285714285715,21825.5,21590.71875,True,True,True,True,PASS,PASS,PASS
723,2025-06-10 08:15:00,Long,21860.5,29.0,-235.0,4141.5,8,55.05357142857143,21812.25,21611.3325,True,True,True,True,PASS,PASS,PASS
726,2025-06-11 03:46:00,Long,21914.5,31.0,-5.0,4202.5,3,61.875,21876.5,21632.2025,True,True,True,True,PASS,PASS,PASS
727,2025-06-11 04:16:00,Long,21936.75,31.5,-20.5,4234.0,4,61.875,21876.5,21632.2025,True,True,True,True,PASS,PASS,PASS
731,2025-06-12 02:49:00,Long,21840.0,30.0,-14.5,4423.0,2,75.21428571428571,21807.25,21688.44875,True,True,True,True,PASS,PASS,PASS
733,2025-06-12 08:56:00,Long,21839.0,95.0,-46.0,4344.5,8,55.05357142857143,21811.25,21704.0275,True,True,True,True,PASS,PASS,PASS
742,2025-06-17 07:57:00,Long,22066.75,41.0,-4.0,4171.0,7,64.85714285714286,21838.0,21797.55875,True,True,True,True,PASS,PASS,PASS
747,2025-06-18 06:22:00,Short,22012.5,45.0,-12.0,4443.0,6,59.75,21778.0,21798.83375,True,True,True,True,PASS,PASS,PASS
748,2025-06-18 06:53:00,Short,21983.25,54.0,-2.0,4497.0,6,54.57142857142857,21788.25,21798.48375,True,True,True,True,PASS,PASS,PASS
750,2025-06-18 21:45:00,Short,21837.75,34.0,-132.0,4021.5,21,74.05357142857143,21713.0,21808.10125,True,True,True,True,PASS,PASS,PASS
753,2025-06-19 21:36:00,Short,21857.0,-163.0,-175.0,3717.5,21,70.10714285714286,21676.0,21794.0225,True,True,True,True,PASS,PASS,PASS
761,2025-06-23 08:27:00,Long,21849.75,35.5,-28.5,3692.5,8,71.46428571428571,21905.75,21782.8425,True,True,True,True,PASS,PASS,PASS
763,2025-06-23 13:46:00,Long,22067.75,39.0,-92.5,3821.0,13,64.16071428571429,21952.75,21784.9175,True,True,True,True,PASS,PASS,PASS
764,2025-06-23 16:29:00,Long,22073.25,22.5,-8.0,3843.5,16,79.35714285714286,21840.75,21785.255,True,True,True,True,PASS,PASS,PASS
765,2025-06-23 18:54:00,Long,22185.75,55.5,-10.5,3899.0,18,101.71428571428571,22073.0,21788.07625,True,True,True,True,PASS,PASS,PASS
766,2025-06-23 19:11:00,Long,22227.25,49.5,-13.5,3948.5,19,101.71428571428571,22073.0,21788.07625,True,True,True,True,PASS,PASS,PASS
767,2025-06-24 01:31:00,Long,22259.25,38.5,0.0,3987.0,1,101.55357142857143,22235.0,21796.18,True,True,True,True,PASS,PASS,PASS
768,2025-06-24 02:01:00,Long,22303.25,44.0,-3.5,4031.0,2,101.55357142857143,22235.0,21796.18,True,True,True,True,PASS,PASS,PASS
769,2025-06-24 02:26:00,Long,22340.0,39.0,-0.5,4070.0,2,101.55357142857143,22235.0,21796.18,True,True,True,True,PASS,PASS,PASS
770,2025-06-24 03:07:00,Long,22374.25,-202.0,-204.0,3868.0,3,98.25,22248.0,21797.65125,True,True,True,True,PASS,PASS,PASS
774,2025-06-25 00:50:00,Long,22419.25,11.0,0.0,3964.0,0,45.964285714285715,22400.0,21841.92625,True,True,True,True,PASS,PASS,PASS
775,2025-06-25 01:04:00,Long,22425.25,16.5,0.0,3980.5,1,45.964285714285715,22400.0,21841.92625,True,True,True,True,PASS,PASS,PASS
776,2025-06-25 06:54:00,Long,22446.0,19.5,-5.5,4000.0,6,26.607142857142858,22423.5,21860.185,True,True,True,True,PASS,PASS,PASS
777,2025-06-25 07:31:00,Long,22460.75,28.5,-4.5,4028.5,7,25.303571428571427,22434.25,21863.20625,True,True,True,True,PASS,PASS,PASS
778,2025-06-25 08:29:00,Long,22492.25,61.5,-59.0,4090.0,8,25.303571428571427,22434.25,21863.20625,True,True,True,True,PASS,PASS,PASS
780,2025-06-26 02:28:00,Long,22521.0,18.5,-14.5,4122.5,2,42.375,22477.25,21914.3225,True,True,True,True,PASS,PASS,PASS
781,2025-06-26 03:17:00,Long,22538.0,31.0,-29.0,4153.5,3,42.214285714285715,22495.0,21917.86375,True,True,True,True,PASS,PASS,PASS
782,2025-06-26 04:38:00,Long,22574.5,-71.5,-109.0,4082.0,4,35.69642857142857,22510.0,21927.04375,True,True,True,True,PASS,PASS,PASS
784,2025-06-26 14:04:00,Long,22648.0,44.0,-7.0,4194.0,14,38.482142857142854,22571.25,21970.145,True,True,True,True,PASS,PASS,PASS
785,2025-06-26 23:38:00,Long,22700.25,5.5,-27.0,4199.5,23,48.94642857142857,22667.75,22011.78125,True,True,True,True,PASS,PASS,PASS
786,2025-06-27 02:10:00,Long,22713.75,20.0,-3.0,4219.5,2,48.125,22695.25,22022.1575,True,True,True,True,PASS,PASS,PASS
787,2025-06-27 02:41:00,Long,22736.5,37.5,-25.0,4257.0,2,44.732142857142854,22692.0,22027.17,True,True,True,True,PASS,PASS,PASS
788,2025-06-27 07:59:00,Long,22777.0,-136.5,-148.5,4120.5,7,31.75,22747.25,22052.94875,True,True,True,True,PASS,PASS,PASS
792,2025-06-29 18:50:00,Long,22812.75,41.5,-2.0,3832.0,18,70.46428571428571,22819.5,22112.35375,True,True,True,True,PASS,PASS,PASS
793,2025-06-29 23:19:00,Long,22867.25,11.0,-3.0,3843.0,23,71.30357142857143,22817.75,22116.73875,True,True,True,True,PASS,PASS,PASS
794,2025-06-30 00:08:00,Long,22878.5,11.5,-11.5,3854.5,0,72.55357142857143,22834.0,22121.16625,True,True,True,True,PASS,PASS,PASS
797,2025-06-30 20:39:00,Long,22898.75,15.5,-27.0,3836.0,20,51.089285714285715,22866.75,22222.65,True,True,True,True,PASS,PASS,PASS
803,2025-07-01 13:08:00,Long,22736.5,39.0,-52.0,3484.0,13,34.589285714285715,22815.0,22310.93875,True,True,True,True,PASS,PASS,PASS
804,2025-07-02 00:56:00,Long,22780.75,-163.0,-170.0,3321.0,0,66.19642857142857,22690.25,22362.0625,True,True,True,True,PASS,PASS,PASS
808,2025-07-03 03:05:00,Long,22885.0,71.0,-110.0,3499.5,3,44.482142857142854,22862.75,22507.40875,True,True,True,True,PASS,PASS,PASS
816,2025-07-07 06:35:00,Long,22983.25,35.0,-57.5,3597.0,6,43.125,22949.0,22666.33625,True,True,True,True,PASS,PASS,PASS
818,2025-07-07 19:54:00,Long,22872.0,20.0,-31.5,3715.0,19,62.482142857142854,22839.0,22717.3925,True,True,True,True,PASS,PASS,PASS
819,2025-07-07 20:52:00,Long,22901.75,26.5,-7.0,3741.5,20,62.482142857142854,22839.0,22717.3925,True,True,True,True,PASS,PASS,PASS
820,2025-07-07 21:30:00,Long,22921.0,30.5,-71.0,3772.0,21,64.03571428571429,22847.0,22720.155,True,True,True,True,PASS,PASS,PASS
823,2025-07-09 07:49:00,Long,22944.0,38.5,-35.0,3852.5,7,30.714285714285715,22890.5,22804.4225,True,True,True,True,PASS,PASS,PASS
826,2025-07-09 14:24:00,Long,23020.75,28.5,-25.0,3377.0,14,52.0,22947.5,22819.80125,True,True,True,True,PASS,PASS,PASS
827,2025-07-09 15:20:00,Long,23041.75,28.5,-30.0,3405.5,15,54.285714285714285,22948.25,22822.21875,True,True,True,True,PASS,PASS,PASS
828,2025-07-09 18:36:00,Long,23063.25,-101.5,-106.5,3304.0,18,62.375,23051.0,22832.8875,True,True,True,True,PASS,PASS,PASS
830,2025-07-10 03:57:00,Long,23020.5,17.0,-9.0,3335.5,3,48.267857142857146,22995.0,22851.9575,True,True,True,True,PASS,PASS,PASS
831,2025-07-10 04:55:00,Long,23043.25,30.0,-62.5,3365.5,4,36.94642857142857,22992.5,22854.1625,True,True,True,True,PASS,PASS,PASS
832,2025-07-10 13:52:00,Long,23030.5,22.0,-4.5,3387.5,13,41.17857142857143,22963.25,22871.735,True,True,True,True,PASS,PASS,PASS
834,2025-07-10 23:24:00,Long,22961.5,13.0,-1.0,3221.5,23,52.125,23044.75,22884.96875,True,True,True,True,PASS,PASS,PASS
836,2025-07-14 01:59:00,Short,22830.75,34.5,-38.5,3257.0,1,61.44642857142857,22862.0,22901.92625,True,True,True,True,PASS,PASS,PASS
838,2025-07-14 13:32:00,Long,23059.0,-113.5,-115.0,3180.5,13,55.625,22991.5,22903.21,True,True,True,True,PASS,PASS,PASS
840,2025-07-15 00:18:00,Long,23097.75,18.0,-8.0,3203.0,0,42.357142857142854,23005.0,22910.28,True,True,True,True,PASS,PASS,PASS
841,2025-07-15 00:59:00,Long,23114.5,33.0,-4.0,3236.0,0,52.892857142857146,23143.0,22911.60125,True,True,True,True,PASS,PASS,PASS
845,2025-07-15 14:22:00,Long,23176.0,-158.5,-186.0,2753.0,14,64.76785714285714,23099.5,22932.95,True,True,True,True,PASS,PASS,PASS
848,2025-07-16 08:31:00,Long,23058.25,7.5,-445.0,2927.5,8,41.17857142857143,23000.5,22961.40375,True,True,True,True,PASS,PASS,PASS
849,2025-07-16 14:56:00,Long,23066.25,15.5,-16.5,2943.0,14,60.285714285714285,22990.75,22969.39,True,True,True,True,PASS,PASS,PASS
850,2025-07-17 02:03:00,Long,23095.75,55.0,0.0,2998.0,2,64.60714285714286,23023.75,22979.45375,True,True,True,True,PASS,PASS,PASS
851,2025-07-17 02:37:00,Long,23141.5,-95.0,-105.0,2903.0,2,60.92857142857143,23038.5,22979.65875,True,True,True,True,PASS,PASS,PASS
856,2025-07-21 00:51:00,Long,23269.0,7.5,-3.5,2615.0,0,42.75,23264.25,23041.39,True,True,True,True,PASS,PASS,PASS
863,2025-07-22 08:27:00,Long,23333.25,14.5,-17.5,2651.0,8,30.053571428571427,23276.75,23103.28875,True,True,True,True,PASS,PASS,PASS
866,2025-07-22 19:51:00,Long,23247.0,36.0,-1.5,2213.0,19,62.57142857142857,23199.0,23118.285,True,True,True,True,PASS,PASS,PASS
867,2025-07-23 01:30:00,Long,23254.25,6.0,-22.5,2219.0,1,68.28571428571429,23245.0,23123.77625,True,True,True,True,PASS,PASS,PASS
868,2025-07-23 03:00:00,Long,23267.75,26.0,-47.0,2245.0,3,68.48214285714286,23240.0,23125.00125,True,True,True,True,PASS,PASS,PASS
871,2025-07-23 16:41:00,Long,23396.0,10.5,-31.5,1885.0,16,45.607142857142854,23263.25,23141.0,True,True,True,True,PASS,PASS,PASS
873,2025-07-24 05:06:00,Long,23391.25,5.0,-55.5,1896.0,5,45.910714285714285,23373.75,23163.36375,True,True,True,True,PASS,PASS,PASS
876,2025-07-24 18:26:00,Long,23414.0,15.0,-47.5,1976.5,18,42.285714285714285,23400.75,23191.91125,True,True,True,True,PASS,PASS,PASS
877,2025-07-24 22:13:00,Long,23431.0,1.0,-21.5,1977.5,22,46.19642857142857,23401.25,23199.51375,True,True,True,True,PASS,PASS,PASS
881,2025-07-27 19:39:00,Long,23544.75,16.5,-39.5,1922.5,19,43.839285714285715,23543.75,23247.54875,True,True,True,True,PASS,PASS,PASS
882,2025-07-28 01:25:00,Long,23563.25,8.5,-1.0,1931.0,1,42.482142857142854,23542.0,23249.54125,True,True,True,True,PASS,PASS,PASS
883,2025-07-28 01:54:00,Long,23576.75,13.0,-9.5,1944.0,1,43.17857142857143,23551.75,23251.4925,True,True,True,True,PASS,PASS,PASS
887,2025-07-28 16:44:00,Long,23509.25,16.0,-12.5,2008.0,16,33.42857142857143,23461.25,23281.90625,True,True,True,True,PASS,PASS,PASS
888,2025-07-28 18:48:00,Long,23526.25,9.0,-18.0,2017.0,18,36.07142857142857,23491.75,23286.53125,True,True,True,True,PASS,PASS,PASS
889,2025-07-28 21:06:00,Long,23535.0,16.0,-6.5,2033.0,21,35.535714285714285,23526.75,23291.56,True,True,True,True,PASS,PASS,PASS
890,2025-07-29 04:07:00,Long,23589.75,34.5,-21.0,2067.5,4,29.017857142857142,23542.75,23307.70625,True,True,True,True,PASS,PASS,PASS
893,2025-07-29 23:34:00,Long,23498.5,13.0,-20.5,2180.5,23,48.357142857142854,23486.25,23354.59125,True,True,True,True,PASS,PASS,PASS
894,2025-07-30 06:38:00,Long,23503.25,-45.5,-64.5,2135.0,6,27.357142857142858,23500.0,23368.06625,True,True,True,True,PASS,PASS,PASS
897,2025-07-30 16:23:00,Long,23681.0,50.5,-55.5,1644.0,16,34.339285714285715,23534.0,23380.01,True,True,True,True,PASS,PASS,PASS
898,2025-07-30 18:31:00,Long,23706.75,28.0,0.0,1672.0,18,56.17857142857143,23483.75,23383.145,True,True,True,True,PASS,PASS,PASS
899,2025-07-30 19:10:00,Long,23730.25,32.5,-37.0,1704.5,19,56.17857142857143,23483.75,23383.145,True,True,True,True,PASS,PASS,PASS
900,2025-07-30 21:00:00,Long,23754.5,12.0,-17.0,1716.5,21,74.23214285714286,23728.75,23387.31875,True,True,True,True,PASS,PASS,PASS
901,2025-07-30 21:40:00,Long,23769.5,12.5,-6.0,1729.0,21,74.23214285714286,23728.75,23387.31875,True,True,True,True,PASS,PASS,PASS
902,2025-07-30 22:37:00,Long,23780.25,14.0,-4.5,1743.0,22,71.875,23725.0,23389.55,True,True,True,True,PASS,PASS,PASS
908,2025-07-31 19:10:00,Short,23277.0,53.5,-65.5,2496.0,19,92.125,23354.25,23433.4875,True,True,True,True,PASS,PASS,PASS
910,2025-08-01 02:28:00,Short,23276.25,38.0,0.0,2431.0,2,109.71428571428571,23332.5,23434.60375,True,True,True,True,PASS,PASS,PASS
911,2025-08-01 02:57:00,Short,23256.25,55.5,-45.0,2486.5,2,108.57142857142857,23305.0,23434.6825,True,True,True,True,PASS,PASS,PASS
912,2025-08-01 03:27:00,Short,23199.0,65.5,-11.0,2552.0,3,108.57142857142857,23305.0,23434.6825,True,True,True,True,PASS,PASS,PASS
913,2025-08-01 04:11:00,Short,23137.25,68.5,-54.5,2620.5,4,95.85714285714286,23318.5,23434.8275,True,True,True,True,PASS,PASS,PASS
918,2025-08-01 13:17:00,Short,22861.75,4.5,-161.5,1944.0,13,80.55357142857143,22883.0,23424.49625,True,True,True,True,PASS,PASS,PASS
927,2025-08-05 03:48:00,Short,23336.25,31.5,-11.0,2117.0,3,44.160714285714285,23359.0,23392.76375,True,True,True,True,PASS,PASS,PASS
931,2025-08-05 18:04:00,Short,23083.25,-86.5,-91.0,2166.0,18,76.32142857142857,23147.0,23393.155,True,True,True,True,PASS,PASS,PASS
935,2025-08-06 04:55:00,Short,23159.25,21.5,-41.5,2294.0,4,65.69642857142857,23184.5,23380.2125,True,True,True,True,PASS,PASS,PASS
938,2025-08-06 18:54:00,Long,23465.5,45.0,-45.0,2422.5,18,61.017857142857146,23423.75,23371.2825,True,True,True,True,PASS,PASS,PASS
940,2025-08-07 16:38:00,Long,23511.25,45.5,-19.5,2526.5,16,68.33928571428571,23419.25,23381.1775,True,True,True,True,PASS,PASS,PASS
941,2025-08-07 22:28:00,Long,23579.25,2.5,-152.0,2529.0,22,80.41071428571429,23554.25,23379.91875,True,True,True,True,PASS,PASS,PASS
944,2025-08-08 16:57:00,Long,23757.0,-100.0,-101.5,2122.5,16,46.267857142857146,23699.75,23386.65625,True,True,True,True,PASS,PASS,PASS
947,2025-08-11 05:46:00,Long,23726.75,17.5,-35.0,2081.0,5,35.285714285714285,23760.25,23396.52875,True,True,True,True,PASS,PASS,PASS
948,2025-08-11 08:20:00,Long,23753.5,2.5,-145.0,2083.5,8,37.517857142857146,23701.5,23398.42375,True,True,True,True,PASS,PASS,PASS
952,2025-08-11 22:09:00,Long,23657.5,16.0,-17.5,2235.0,22,49.642857142857146,23641.5,23412.7675,True,True,True,True,PASS,PASS,PASS
953,2025-08-12 03:06:00,Long,23659.25,-36.5,-49.0,2198.5,3,45.5,23656.5,23416.56,True,True,True,True,PASS,PASS,PASS
955,2025-08-12 08:25:00,Long,23660.75,185.5,-9.0,2402.0,8,40.07142857142857,23641.5,23420.19875,True,True,True,True,PASS,PASS,PASS
958,2025-08-12 13:35:00,Long,23906.5,16.0,-20.0,2468.0,13,60.910714285714285,23776.5,23423.94375,True,True,True,True,PASS,PASS,PASS
959,2025-08-12 14:14:00,Long,23918.5,18.5,-35.0,2486.5,14,60.910714285714285,23776.5,23423.94375,True,True,True,True,PASS,PASS,PASS
960,2025-08-12 19:55:00,Long,23957.75,-62.5,-67.5,2424.0,19,67.53571428571429,23949.5,23428.1175,True,True,True,True,PASS,PASS,PASS
962,2025-08-13 00:49:00,Long,23961.0,4.0,-55.5,2359.0,0,68.07142857142857,23928.5,23430.81125,True,True,True,True,PASS,PASS,PASS
963,2025-08-13 03:03:00,Long,23968.25,28.5,-10.5,2387.5,3,55.964285714285715,23942.75,23432.44875,True,True,True,True,PASS,PASS,PASS
964,2025-08-13 03:47:00,Long,23986.0,43.0,-18.0,2430.5,3,46.035714285714285,23956.0,23433.41125,True,True,True,True,PASS,PASS,PASS
968,2025-08-13 19:31:00,Long,23948.0,21.0,-4.0,2301.0,19,47.410714285714285,23927.75,23476.6225,True,True,True,True,PASS,PASS,PASS
971,2025-08-14 03:33:00,Long,23927.5,21.0,-31.0,2288.0,3,41.55357142857143,23933.75,23503.665,True,True,True,True,PASS,PASS,PASS
972,2025-08-14 07:51:00,Long,23951.25,20.0,-9.5,2308.0,7,29.964285714285715,23924.25,23522.64375,True,True,True,True,PASS,PASS,PASS
975,2025-08-15 06:56:00,Long,23908.75,25.0,-8.5,2272.5,6,33.05357142857143,23940.25,23625.305,True,True,True,True,PASS,PASS,PASS
976,2025-08-15 07:43:00,Long,23922.0,-242.0,-374.5,2030.5,7,35.57142857142857,23883.5,23628.4525,True,True,True,True,PASS,PASS,PASS
979,2025-08-19 13:19:00,Short,23447.0,36.5,-138.0,2253.0,13,38.232142857142854,23678.75,23766.11375,True,True,True,True,PASS,PASS,PASS
980,2025-08-19 19:57:00,Short,23417.25,16.0,-16.5,2269.0,19,64.33928571428571,23473.5,23766.885,True,True,True,True,PASS,PASS,PASS
981,2025-08-19 20:42:00,Short,23406.75,39.5,-49.0,2308.5,20,64.33928571428571,23473.5,23766.885,True,True,True,True,PASS,PASS,PASS
988,2025-08-21 08:01:00,Short,23271.0,60.0,-8.5,2288.5,8,48.660714285714285,23298.25,23731.055,True,True,True,True,PASS,PASS,PASS
989,2025-08-21 23:43:00,Short,23200.5,7.0,-30.5,2295.5,23,73.55357142857143,23212.5,23694.31125,True,True,True,True,PASS,PASS,PASS
990,2025-08-22 01:40:00,Short,23185.5,23.5,-39.5,2319.0,1,69.64285714285714,23206.75,23689.25625,True,True,True,True,PASS,PASS,PASS
991,2025-08-22 02:25:00,Short,23170.0,47.0,-6.5,2366.0,2,69.64285714285714,23206.75,23689.25625,True,True,True,True,PASS,PASS,PASS
997,2025-08-24 22:12:00,Short,23534.5,16.0,-30.5,2077.0,22,83.41071428571429,23572.5,23659.6325,True,True,True,True,PASS,PASS,PASS
999,2025-08-25 08:31:00,Short,23467.5,-170.0,-187.0,1726.0,8,35.142857142857146,23504.0,23650.0475,True,True,True,True,PASS,PASS,PASS
1002,2025-08-25 15:00:00,Short,23552.5,18.5,-42.5,1835.0,15,38.19642857142857,23601.25,23637.81125,True,True,True,True,PASS,PASS,PASS
1003,2025-08-25 19:43:00,Short,23500.0,17.0,-5.5,1852.0,19,43.625,23502.25,23627.86125,True,True,True,True,PASS,PASS,PASS
1004,2025-08-25 19:57:00,Short,23491.25,159.5,-36.5,2011.5,19,43.625,23502.25,23627.86125,True,True,True,True,PASS,PASS,PASS
1006,2025-08-26 03:01:00,Short,23445.0,-202.0,-208.0,1747.0,3,51.30357142857143,23451.75,23612.1775,True,True,True,True,PASS,PASS,PASS
1008,2025-08-26 18:32:00,Long,23618.0,6.5,-16.5,1760.5,18,50.482142857142854,23586.75,23575.79,True,True,True,True,PASS,PASS,PASS
1010,2025-08-27 02:48:00,Long,23616.75,-74.0,-82.5,1700.5,2,41.589285714285715,23613.25,23564.83875,True,True,True,True,PASS,PASS,PASS
1012,2025-08-27 05:51:00,Long,23599.75,21.5,-17.5,1682.0,5,31.392857142857142,23602.25,23560.2625,True,True,True,True,PASS,PASS,PASS
1013,2025-08-27 07:50:00,Long,23613.5,19.0,-250.0,1701.0,7,29.017857142857142,23586.75,23556.73625,True,True,True,True,PASS,PASS,PASS
1014,2025-08-27 13:52:00,Long,23620.25,16.0,-12.0,1717.0,13,35.17857142857143,23600.0,23546.6375,True,True,True,True,PASS,PASS,PASS
1015,2025-08-27 14:24:00,Long,23656.25,-76.0,-454.5,1641.0,14,35.17857142857143,23600.0,23546.6375,True,True,True,True,PASS,PASS,PASS
1020,2025-08-28 14:26:00,Long,23773.25,22.5,-5.0,1873.5,14,52.32142857142857,23714.25,23514.15875,True,True,True,True,PASS,PASS,PASS
1026,2025-08-31 22:29:00,Short,23477.0,77.0,-17.0,1661.0,22,63.910714285714285,23437.5,23490.62125,True,True,True,True,PASS,PASS,PASS
1027,2025-09-01 00:15:00,Short,23438.75,27.0,-12.5,1688.0,0,63.910714285714285,23437.5,23490.62125,True,True,True,True,PASS,PASS,PASS
1029,2025-09-01 07:36:00,Short,23460.25,27.5,-54.5,1776.5,7,63.910714285714285,23437.5,23490.62125,True,True,True,True,PASS,PASS,PASS
1030,2025-09-01 19:21:00,Short,23434.75,27.0,-99.5,1803.5,19,63.910714285714285,23437.5,23490.62125,True,True,True,True,PASS,PASS,PASS
1031,2025-09-01 22:27:00,Short,23421.5,30.0,-58.5,1833.5,22,63.910714285714285,23437.5,23490.62125,True,True,True,True,PASS,PASS,PASS
1032,2025-09-02 01:38:00,Short,23411.75,5.5,-81.0,1839.0,1,63.910714285714285,23437.5,23490.62125,True,True,True,True,PASS,PASS,PASS
1033,2025-09-02 07:22:00,Short,23231.0,76.5,-43.0,1915.5,7,71.03571428571429,23278.25,23484.71375,True,True,True,True,PASS,PASS,PASS
1034,2025-09-02 08:39:00,Short,23147.25,44.5,-1.0,1960.0,8,72.64285714285714,23292.0,23479.97125,True,True,True,True,PASS,PASS,PASS
1044,2025-09-03 23:25:00,Short,23476.5,24.0,-4.5,2264.0,23,68.41071428571429,23438.5,23467.11,True,True,True,True,PASS,PASS,PASS
1047,2025-09-04 14:16:00,Long,23600.75,24.5,-14.0,2045.5,14,46.375,23522.25,23481.1525,True,True,True,True,PASS,PASS,PASS
1048,2025-09-04 14:50:00,Long,23618.75,34.5,-5.5,2080.0,14,49.142857142857146,23538.75,23483.04,True,True,True,True,PASS,PASS,PASS
1049,2025-09-04 15:41:00,Long,23640.25,40.5,-32.5,2120.5,15,48.892857142857146,23538.25,23484.65625,True,True,True,True,PASS,PASS,PASS
1050,2025-09-05 00:26:00,Long,23749.75,8.5,-18.0,2129.0,0,53.839285714285715,23729.25,23500.25,True,True,True,True,PASS,PASS,PASS
1051,2025-09-05 02:04:00,Long,23769.25,17.5,-9.0,2146.5,2,51.732142857142854,23737.0,23505.60375,True,True,True,True,PASS,PASS,PASS
1053,2025-09-05 05:29:00,Long,23786.25,3.5,-24.0,2082.0,5,36.839285714285715,23761.5,23514.145,True,True,True,True,PASS,PASS,PASS
1056,2025-09-05 15:00:00,Long,23657.0,51.0,-31.5,1250.5,15,67.51785714285714,23619.0,23534.6775,True,True,True,True,PASS,PASS,PASS
1057,2025-09-07 19:25:00,Long,23757.25,48.0,-2.5,1298.5,19,84.64285714285714,23740.75,23537.4525,True,True,True,True,PASS,PASS,PASS
1058,2025-09-07 20:06:00,Long,23781.5,-83.5,-94.5,1215.0,20,84.64285714285714,23740.75,23537.4525,True,True,True,True,PASS,PASS,PASS
1060,2025-09-08 03:45:00,Long,23779.25,19.0,-77.0,1254.0,3,74.16071428571429,23734.0,23543.74125,True,True,True,True,PASS,PASS,PASS
1064,2025-09-08 19:02:00,Long,23829.5,2.5,-77.5,1401.5,19,48.857142857142854,23803.0,23563.39,True,True,True,True,PASS,PASS,PASS
1065,2025-09-08 22:32:00,Long,23840.5,3.0,-51.0,1404.5,22,47.82142857142857,23808.0,23568.4225,True,True,True,True,PASS,PASS,PASS
1066,2025-09-09 02:26:00,Long,23851.75,12.5,-21.0,1417.0,2,48.732142857142854,23827.75,23574.04,True,True,True,True,PASS,PASS,PASS
1068,2025-09-09 13:27:00,Long,23853.0,13.0,-62.0,1458.0,13,27.267857142857142,23815.0,23594.24375,True,True,True,True,PASS,PASS,PASS
1069,2025-09-09 21:58:00,Long,23905.5,16.0,-16.5,1474.0,21,45.30357142857143,23895.75,23605.21125,True,True,True,True,PASS,PASS,PASS
1070,2025-09-09 22:58:00,Long,23912.25,6.5,-4.0,1480.5,22,45.357142857142854,23885.75,23606.64875,True,True,True,True,PASS,PASS,PASS
1071,2025-09-10 00:01:00,Long,23918.5,28.0,-14.0,1508.5,0,45.214285714285715,23886.0,23607.9425,True,True,True,True,PASS,PASS,PASS
1074,2025-09-10 06:25:00,Long,23916.75,17.0,-2.0,1508.5,6,29.982142857142858,23944.25,23617.33,True,True,True,True,PASS,PASS,PASS
1075,2025-09-10 07:18:00,Long,23928.75,49.5,-11.0,1558.0,7,27.589285714285715,23938.0,23619.08625,True,True,True,True,PASS,PASS,PASS
1076,2025-09-10 08:04:00,Long,23958.25,95.5,-56.5,1653.5,8,28.892857142857142,23895.75,23620.5825,True,True,True,True,PASS,PASS,PASS
1078,2025-09-10 18:57:00,Long,23905.75,18.5,-70.0,1695.5,18,59.839285714285715,23874.0,23638.74125,True,True,True,True,PASS,PASS,PASS
1080,2025-09-11 03:02:00,Long,23920.75,15.5,-29.0,1625.0,3,51.5,23913.0,23651.24,True,True,True,True,PASS,PASS,PASS
1081,2025-09-11 04:13:00,Long,23936.5,27.5,-57.5,1652.5,4,46.30357142857143,23879.5,23652.925,True,True,True,True,PASS,PASS,PASS
1084,2025-09-12 00:22:00,Long,24018.5,10.0,-5.5,1543.0,0,45.07142857142857,24009.5,23680.145,True,True,True,True,PASS,PASS,PASS
1085,2025-09-12 01:04:00,Long,24023.75,12.5,-6.0,1555.5,1,43.982142857142854,24004.5,23681.53625,True,True,True,True,PASS,PASS,PASS
1086,2025-09-12 05:32:00,Long,24006.5,16.0,-21.5,1571.5,5,24.821428571428573,24023.5,23689.11,True,True,True,True,PASS,PASS,PASS
1087,2025-09-12 06:23:00,Long,24014.0,12.5,-7.5,1584.0,6,24.821428571428573,24023.5,23689.11,True,True,True,True,PASS,PASS,PASS
1089,2025-09-12 14:27:00,Long,24125.25,21.0,-11.5,1622.0,14,32.19642857142857,24106.0,23707.51125,True,True,True,True,PASS,PASS,PASS
1090,2025-09-12 14:53:00,Long,24147.25,9.0,-119.5,1631.0,14,33.82142857142857,24090.75,23710.57625,True,True,True,True,PASS,PASS,PASS
1091,2025-09-15 07:01:00,Long,24130.5,18.5,-2.0,1649.5,7,26.232142857142858,24138.75,23769.89,True,True,True,True,PASS,PASS,PASS
1092,2025-09-15 07:37:00,Long,24141.75,18.5,-14.0,1668.0,7,28.303571428571427,24095.75,23775.125,True,True,True,True,PASS,PASS,PASS
1096,2025-09-15 19:56:00,Long,24545.0,16.5,-37.0,1792.0,19,42.017857142857146,24296.5,23831.58625,True,True,True,True,PASS,PASS,PASS
1097,2025-09-15 21:36:00,Long,24553.5,15.5,-4.5,1807.5,21,41.69642857142857,24288.75,23836.445,True,True,True,True,PASS,PASS,PASS
1098,2025-09-15 22:12:00,Long,24560.25,30.5,-3.0,1838.0,22,41.69642857142857,24288.75,23836.445,True,True,True,True,PASS,PASS,PASS
1099,2025-09-15 23:49:00,Long,24585.5,12.5,-17.0,1850.5,23,36.767857142857146,24302.75,23845.805,True,True,True,True,PASS,PASS,PASS
1100,2025-09-16 01:40:00,Long,24588.75,19.0,-5.5,1869.5,1,35.82142857142857,24328.5,23854.73125,True,True,True,True,PASS,PASS,PASS
1101,2025-09-16 02:03:00,Long,24601.5,23.0,-39.0,1892.5,2,35.82142857142857,24328.5,23854.73125,True,True,True,True,PASS,PASS,PASS
1102,2025-09-16 05:08:00,Long,24644.75,-50.5,-56.5,1842.0,5,27.142857142857142,24353.0,23868.49875,True,True,True,True,PASS,PASS,PASS
1107,2025-09-17 03:52:00,Long,24552.5,-226.0,-236.0,1625.0,3,108.21428571428571,24518.75,23972.42125,True,True,True,True,PASS,PASS,PASS
1109,2025-09-17 14:00:00,Long,24459.25,86.0,-34.0,1751.0,14,66.375,24420.25,24018.5925,True,True,True,True,PASS,PASS,PASS
1110,2025-09-17 19:18:00,Long,24577.25,55.5,-35.0,1806.5,19,104.0,24475.25,24035.965,True,True,True,True,PASS,PASS,PASS
1111,2025-09-17 23:21:00,Long,24638.25,-59.0,-64.0,1747.5,23,88.51785714285714,24583.5,24047.84,True,True,True,True,PASS,PASS,PASS
1113,2025-09-18 05:11:00,Long,24729.75,41.0,-73.5,1823.5,5,84.42857142857143,24615.0,24072.4925,True,True,True,True,PASS,PASS,PASS
1116,2025-09-18 13:02:00,Long,24793.25,-126.0,-133.5,1725.0,13,92.14285714285714,24697.0,24113.795,True,True,True,True,PASS,PASS,PASS
1119,2025-09-18 20:03:00,Long,24747.25,31.5,-184.5,1668.0,20,92.85714285714286,24713.75,24148.18875,True,True,True,True,PASS,PASS,PASS
1122,2025-09-19 15:48:00,Long,24847.0,62.5,-12.5,1782.0,15,59.410714285714285,24821.5,24237.01125,True,True,True,True,PASS,PASS,PASS
1123,2025-09-19 16:35:00,Long,24877.0,-88.0,-110.0,1694.0,16,59.392857142857146,24815.75,24242.02125,True,True,True,True,PASS,PASS,PASS
1130,2025-09-22 13:23:00,Long,24990.0,38.5,-24.5,1932.5,13,37.232142857142854,24872.25,24336.15375,True,True,True,True,PASS,PASS,PASS
1131,2025-09-22 15:01:00,Long,25014.0,20.5,-12.0,1953.0,15,40.5,24911.25,24346.43625,True,True,True,True,PASS,PASS,PASS
1134,2025-09-24 00:44:00,Long,24844.75,13.0,-0.5,1993.5,0,47.30357142857143,24823.0,24512.09875,True,True,True,True,PASS,PASS,PASS
1135,2025-09-24 01:24:00,Long,24853.25,20.5,-13.0,2014.0,1,47.30357142857143,24823.0,24512.09875,True,True,True,True,PASS,PASS,PASS
1137,2025-09-24 13:31:00,Long,24740.5,17.5,-117.0,2113.5,13,33.339285714285715,24794.0,24568.94875,True,True,True,True,PASS,PASS,PASS
1138,2025-09-24 20:33:00,Long,24774.5,5.0,-8.5,2118.5,20,54.285714285714285,24747.5,24590.13125,True,True,True,True,PASS,PASS,PASS
1146,2025-09-25 14:55:00,Long,24629.0,18.0,-72.5,2086.0,14,70.78571428571429,24677.75,24647.08875,True,True,True,True,PASS,PASS,PASS
1148,2025-09-25 23:38:00,Short,24583.5,5.0,-61.5,1940.5,23,93.30357142857143,24626.5,24666.58,True,True,True,True,PASS,PASS,PASS
1149,2025-09-26 13:27:00,Long,24712.25,23.0,-94.5,1963.5,13,54.607142857142854,24706.25,24692.865,True,True,True,True,PASS,PASS,PASS
1151,2025-09-28 20:40:00,Long,24794.25,25.0,-3.5,2021.5,20,80.46428571428571,24756.0,24707.3925,True,True,True,True,PASS,PASS,PASS
1152,2025-09-28 23:12:00,Long,24812.5,6.5,-15.5,2028.0,23,76.76785714285714,24771.75,24709.52125,True,True,True,True,PASS,PASS,PASS
1156,2025-09-29 23:27:00,Long,24846.5,16.0,-2.5,2126.5,23,51.232142857142854,24824.0,24759.4475,True,True,True,True,PASS,PASS,PASS
1158,2025-09-30 02:24:00,Long,24850.0,-118.0,-130.0,1959.5,2,50.785714285714285,24849.25,24764.105,True,True,True,True,PASS,PASS,PASS
1160,2025-09-30 05:06:00,Long,24805.75,14.0,-63.0,2030.0,5,40.142857142857146,24836.25,24768.98,True,True,True,True,PASS,PASS,PASS
1161,2025-09-30 15:03:00,Long,24847.0,29.0,-51.0,2059.0,15,53.357142857142854,24810.75,24786.01625,True,True,True,True,PASS,PASS,PASS
1163,2025-10-01 02:40:00,Short,24745.75,73.0,-2.5,2142.0,2,66.5,24771.0,24795.16875,True,True,True,True,PASS,PASS,PASS
1168,2025-10-01 14:26:00,Long,25020.5,20.0,-24.0,2337.0,14,62.982142857142854,24897.5,24796.595,True,True,True,True,PASS,PASS,PASS
1169,2025-10-01 15:03:00,Long,25030.0,15.0,-74.5,2352.0,15,65.55357142857143,24931.0,24797.55,True,True,True,True,PASS,PASS,PASS
1170,2025-10-01 21:15:00,Long,25063.75,13.5,-15.0,2365.5,21,60.75,25012.25,24806.15,True,True,True,True,PASS,PASS,PASS
1171,2025-10-02 03:38:00,Long,25085.75,29.5,-24.5,2395.0,3,43.214285714285715,25066.75,24816.7125,True,True,True,True,PASS,PASS,PASS
1172,2025-10-02 13:34:00,Long,25096.5,24.5,-40.5,2419.5,13,42.089285714285715,25022.0,24830.82625,True,True,True,True,PASS,PASS,PASS
1173,2025-10-02 14:54:00,Long,25109.0,22.5,-3.5,2442.0,14,46.267857142857146,25077.5,24831.96,True,True,True,True,PASS,PASS,PASS
1174,2025-10-02 15:27:00,Long,25122.0,19.5,-98.0,2461.5,15,46.267857142857146,25077.5,24831.96,True,True,True,True,PASS,PASS,PASS
1175,2025-10-03 00:34:00,Long,25171.0,5.0,-2.5,2466.5,0,51.535714285714285,25160.75,24844.75125,True,True,True,True,PASS,PASS,PASS
1176,2025-10-03 01:23:00,Long,25181.75,13.5,0.0,2480.0,1,51.535714285714285,25160.75,24844.75125,True,True,True,True,PASS,PASS,PASS
1179,2025-10-05 21:59:00,Long,25077.25,9.0,-8.5,2554.5,21,62.07142857142857,25053.75,24862.4725,True,True,True,True,PASS,PASS,PASS
1180,2025-10-05 22:41:00,Long,25081.5,11.5,-9.5,2566.0,22,63.589285714285715,25066.75,24862.7425,True,True,True,True,PASS,PASS,PASS
1181,2025-10-06 03:17:00,Long,25103.0,17.0,-116.0,2583.0,3,58.25,25090.75,24864.21875,True,True,True,True,PASS,PASS,PASS
1183,2025-10-06 13:51:00,Long,25226.75,21.0,-16.5,2426.0,13,45.017857142857146,25152.25,24876.99375,True,True,True,True,PASS,PASS,PASS
1185,2025-10-06 23:43:00,Long,25162.0,14.0,-8.0,2443.0,23,53.642857142857146,25184.0,24888.0925,True,True,True,True,PASS,PASS,PASS
1186,2025-10-07 00:56:00,Long,25179.25,25.5,-102.5,2468.5,0,53.642857142857146,25184.0,24888.0925,True,True,True,True,PASS,PASS,PASS
1189,2025-10-07 18:48:00,Long,25079.5,18.5,-104.5,2474.0,18,63.160714285714285,25045.25,24905.58625,True,True,True,True,PASS,PASS,PASS
1191,2025-10-08 04:14:00,Long,25088.0,21.5,-5.5,2510.5,4,54.232142857142854,25087.5,24918.40875,True,True,True,True,PASS,PASS,PASS
1194,2025-10-08 15:51:00,Long,25317.25,42.0,-4.0,2710.5,15,45.982142857142854,25251.5,24944.4075,True,True,True,True,PASS,PASS,PASS
1195,2025-10-08 18:10:00,Long,25359.75,11.0,-12.5,2721.5,18,50.267857142857146,25270.75,24950.565,True,True,True,True,PASS,PASS,PASS
1196,2025-10-08 19:13:00,Long,25371.25,34.5,-2.0,2756.0,19,53.642857142857146,25329.75,24954.08875,True,True,True,True,PASS,PASS,PASS
1200,2025-10-09 15:19:00,Long,25258.25,42.5,-3.0,2677.5,15,43.714285714285715,25263.0,25021.4,True,True,True,True,PASS,PASS,PASS
1201,2025-10-09 16:00:00,Long,25294.5,36.5,-48.5,2714.0,16,47.0,25203.75,25023.8875,True,True,True,True,PASS,PASS,PASS
1202,2025-10-09 19:01:00,Long,25322.75,8.0,-26.5,2722.0,19,55.25,25294.5,25033.4275,True,True,True,True,PASS,PASS,PASS
1203,2025-10-09 21:55:00,Long,25347.5,-64.0,-75.0,2658.0,21,55.05357142857143,25319.25,25039.37125,True,True,True,True,PASS,PASS,PASS
1205,2025-10-10 07:11:00,Long,25311.75,15.0,-12.5,2691.5,7,38.25,25318.5,25063.95625,True,True,True,True,PASS,PASS,PASS
1206,2025-10-10 15:12:00,Short,24567.5,101.5,-46.0,2793.0,15,92.75,24827.5,25078.6425,True,True,True,True,PASS,PASS,PASS
1213,2025-10-13 23:48:00,Short,24919.25,22.0,-10.0,3095.0,23,87.89285714285714,25007.5,25075.27,True,True,True,True,PASS,PASS,PASS
1214,2025-10-14 06:29:00,Short,24579.25,98.0,-18.0,3193.0,6,73.58928571428571,24686.0,25076.83625,True,True,True,True,PASS,PASS,PASS
1223,2025-10-16 14:32:00,Short,24663.75,0.5,-389.5,3190.5,14,73.14285714285714,24972.75,25037.34625,True,True,True,True,PASS,PASS,PASS
1235,2025-10-20 13:37:00,Long,25345.25,3.5,-112.0,3083.5,13,56.767857142857146,25314.25,24986.91375,True,True,True,True,PASS,PASS,PASS
1238,2025-10-21 07:42:00,Long,25303.25,-65.0,-69.5,3066.5,7,33.5,25267.75,25004.2575,True,True,True,True,PASS,PASS,PASS
1243,2025-10-22 08:52:00,Long,25263.25,19.5,-26.0,3104.5,8,42.732142857142854,25271.5,25001.09375,True,True,True,True,PASS,PASS,PASS
1245,2025-10-22 15:20:00,Long,25002.75,74.0,-38.0,3266.5,15,74.57142857142857,25100.25,24998.5725,True,True,True,True,PASS,PASS,PASS
1252,2025-10-23 18:01:00,Long,25289.0,26.0,-7.0,2958.0,18,77.875,25273.75,25006.16875,True,True,True,True,PASS,PASS,PASS
1253,2025-10-24 01:48:00,Long,25344.25,12.5,-8.5,2970.5,1,66.23214285714286,25309.25,25021.50125,True,True,True,True,PASS,PASS,PASS
1254,2025-10-24 05:19:00,Long,25364.75,30.5,-2.5,3001.0,5,39.92857142857143,25346.5,25029.175,True,True,True,True,PASS,PASS,PASS
1256,2025-10-26 18:35:00,Long,25744.5,14.0,-74.0,2542.5,18,77.75,25721.25,25074.74125,True,True,True,True,PASS,PASS,PASS
1257,2025-10-27 02:17:00,Long,25793.5,11.5,-28.5,2554.0,2,77.0,25750.0,25095.95375,True,True,True,True,PASS,PASS,PASS
1258,2025-10-27 05:59:00,Long,25836.75,16.5,-15.5,2570.5,5,48.410714285714285,25783.75,25119.35875,True,True,True,True,PASS,PASS,PASS
1259,2025-10-27 06:49:00,Long,25849.5,104.0,-106.5,2674.5,6,48.0,25793.0,25124.87375,True,True,True,True,PASS,PASS,PASS
1261,2025-10-27 14:43:00,Long,25933.5,19.0,-25.5,2730.0,14,37.857142857142854,25893.0,25165.72,True,True,True,True,PASS,PASS,PASS
1262,2025-10-27 16:16:00,Long,25977.0,28.0,-1.0,2758.0,16,37.214285714285715,25913.75,25171.3,True,True,True,True,PASS,PASS,PASS
1263,2025-10-27 19:16:00,Long,26004.25,17.0,-4.0,2775.0,19,41.232142857142854,25960.75,25188.36625,True,True,True,True,PASS,PASS,PASS
1267,2025-10-28 08:11:00,Long,26004.0,31.0,-1.0,2841.5,8,28.75,25968.5,25249.715,True,True,True,True,PASS,PASS,PASS
1270,2025-10-28 13:51:00,Long,26150.75,21.5,-19.0,3022.5,13,32.232142857142854,26035.0,25282.00375,True,True,True,True,PASS,PASS,PASS
1271,2025-10-28 14:51:00,Long,26191.5,34.0,-23.5,3056.5,14,34.80357142857143,26060.5,25287.59,True,True,True,True,PASS,PASS,PASS
1272,2025-10-28 15:25:00,Long,26210.25,39.0,-8.0,3095.5,15,34.80357142857143,26060.5,25287.59,True,True,True,True,PASS,PASS,PASS
1273,2025-10-28 22:48:00,Long,26247.25,4.5,-46.5,3100.0,22,46.357142857142854,26183.5,25330.2575,True,True,True,True,PASS,PASS,PASS
1274,2025-10-29 01:21:00,Long,26253.0,16.0,-6.5,3116.0,1,48.964285714285715,26215.5,25341.91875,True,True,True,True,PASS,PASS,PASS
1275,2025-10-29 01:57:00,Long,26262.5,22.0,-12.5,3138.0,1,49.785714285714285,26239.25,25347.90625,True,True,True,True,PASS,PASS,PASS
1276,2025-10-29 04:19:00,Long,26305.0,-132.0,-139.5,3006.0,4,45.214285714285715,26246.25,25359.76625,True,True,True,True,PASS,PASS,PASS
1279,2025-10-29 22:42:00,Long,26365.75,46.0,-40.5,3124.5,22,94.94642857142857,26234.75,25488.02375,True,True,True,True,PASS,PASS,PASS
1280,2025-10-29 23:37:00,Long,26391.25,-386.5,-430.5,2738.0,23,97.71428571428571,26288.75,25497.08875,True,True,True,True,PASS,PASS,PASS
1292,2025-10-31 14:40:00,Long,26012.75,66.0,-83.5,1373.5,14,65.07142857142857,26052.25,25711.7,True,True,True,True,PASS,PASS,PASS
1293,2025-11-02 18:34:00,Long,26077.5,34.5,-13.0,1408.0,18,85.69642857142857,26080.75,25731.8075,True,True,True,True,PASS,PASS,PASS
1294,2025-11-02 19:41:00,Long,26113.0,-152.5,-159.5,1255.5,19,85.69642857142857,26080.75,25731.8075,True,True,True,True,PASS,PASS,PASS
1296,2025-11-03 04:04:00,Long,26095.75,43.5,-2.0,1181.0,4,84.71428571428571,26082.25,25752.12125,True,True,True,True,PASS,PASS,PASS
1308,2025-11-04 13:27:00,Short,25624.25,20.0,-128.5,1247.5,13,75.58928571428571,25716.25,25873.22625,True,True,True,True,PASS,PASS,PASS
1309,2025-11-04 19:26:00,Short,25462.0,59.5,-2.0,1307.0,19,100.91071428571429,25605.25,25893.46125,True,True,True,True,PASS,PASS,PASS
1310,2025-11-04 20:17:00,Short,25351.75,104.5,-19.5,1411.5,20,101.98214285714286,25579.5,25895.94,True,True,True,True,PASS,PASS,PASS
1317,2025-11-05 16:09:00,Short,25727.25,27.5,-98.0,1972.5,16,100.14285714285714,25774.25,25930.70375,True,True,True,True,PASS,PASS,PASS
1324,2025-11-07 05:12:00,Short,25242.75,79.5,-21.5,2283.0,5,103.69642857142857,25332.0,25927.73,True,True,True,True,PASS,PASS,PASS
1325,2025-11-07 06:28:00,Short,25103.5,28.0,-184.5,2311.0,6,94.05357142857143,25325.5,25925.11375,True,True,True,True,PASS,PASS,PASS
1335,2025-11-11 00:36:00,Short,25657.25,48.5,-95.0,3302.5,0,70.125,25743.5,25785.71125,True,True,True,True,PASS,PASS,PASS
1336,2025-11-11 04:53:00,Short,25604.75,27.5,-81.0,3330.0,4,62.625,25654.0,25774.64625,True,True,True,True,PASS,PASS,PASS
1341,2025-11-12 01:08:00,Long,25750.25,16.5,-14.5,3355.5,1,74.48214285714286,25731.0,25714.58125,True,True,True,True,PASS,PASS,PASS
1342,2025-11-12 01:34:00,Long,25762.5,19.0,-4.5,3374.5,1,75.46428571428571,25725.0,25712.175,True,True,True,True,PASS,PASS,PASS
1343,2025-11-12 02:22:00,Long,25786.25,15.5,-5.0,3390.0,2,75.46428571428571,25725.0,25712.175,True,True,True,True,PASS,PASS,PASS
1344,2025-11-12 05:02:00,Long,25826.75,-165.5,-196.5,3224.5,5,68.69642857142857,25743.75,25705.20875,True,True,True,True,PASS,PASS,PASS
1346,2025-11-12 08:05:00,Long,25800.75,-459.5,-474.5,2651.5,8,50.44642857142857,25793.25,25701.25875,True,True,True,True,PASS,PASS,PASS
1349,2025-11-12 18:33:00,Short,25543.0,58.0,-24.5,2639.5,18,81.46428571428571,25580.25,25677.17,True,True,True,True,PASS,PASS,PASS
1351,2025-11-13 00:37:00,Long,25708.5,4.0,-59.0,2651.0,0,100.73214285714286,25691.5,25662.74625,True,True,True,True,PASS,PASS,PASS
1354,2025-11-13 06:02:00,Long,25607.0,34.5,-25.0,2627.5,6,75.96428571428571,25711.5,25650.445,True,True,True,True,PASS,PASS,PASS
1355,2025-11-13 08:57:00,Short,25509.75,106.0,-12.5,2733.5,8,73.80357142857143,25567.75,25644.1775,True,True,True,True,PASS,PASS,PASS
1358,2025-11-13 13:17:00,Short,25125.5,121.0,-6.5,3153.0,13,71.60714285714286,25497.25,25635.7325,True,True,True,True,PASS,PASS,PASS
1361,2025-11-14 06:37:00,Short,24821.25,78.0,-20.5,3361.0,6,97.5,25000.25,25552.29125,True,True,True,True,PASS,PASS,PASS
1362,2025-11-14 07:04:00,Short,24776.25,86.5,-26.0,3447.5,7,97.5,25000.25,25552.29125,True,True,True,True,PASS,PASS,PASS
1363,2025-11-14 07:46:00,Short,24674.5,54.5,-184.0,3502.0,7,96.26785714285714,24984.5,25546.62125,True,True,True,True,PASS,PASS,PASS
1371,2025-11-17 05:43:00,Short,25208.5,58.5,-41.0,3562.5,5,98.78571428571429,25238.0,25461.50125,True,True,True,True,PASS,PASS,PASS
1372,2025-11-17 07:31:00,Short,25133.25,148.5,-61.0,3711.0,7,86.17857142857143,25355.25,25457.11,True,True,True,True,PASS,PASS,PASS
1374,2025-11-17 14:34:00,Short,24837.0,103.5,-21.0,4014.5,14,95.71428571428571,25080.5,25442.8575,True,True,True,True,PASS,PASS,PASS
1417,2025-11-25 07:29:00,Long,24930.0,26.0,-99.0,4079.0,7,52.285714285714285,24914.25,24879.7875,True,True,True,True,PASS,PASS,PASS
1422,2025-11-26 00:33:00,Long,25198.25,29.5,-24.0,4604.5,0,110.125,25166.0,24823.05625,True,True,True,True,PASS,PASS,PASS
1424,2025-11-26 06:13:00,Long,25200.5,130.5,-163.5,4631.0,6,66.89285714285714,25211.25,24813.57625,True,True,True,True,PASS,PASS,PASS
1428,2025-11-27 18:25:00,Long,25320.25,15.5,-14.0,4728.5,18,57.892857142857146,25323.25,24832.93,True,True,True,True,PASS,PASS,PASS
1429,2025-11-27 19:02:00,Long,25334.75,28.5,-8.5,4757.0,19,57.892857142857146,25323.25,24832.93,True,True,True,True,PASS,PASS,PASS
1430,2025-11-30 18:20:00,Long,25512.75,-214.5,-223.0,4542.5,18,51.05357142857143,25466.25,24844.7975,True,True,True,True,PASS,PASS,PASS
1434,2025-12-01 01:22:00,Long,25257.0,23.5,-18.5,4565.0,1,59.660714285714285,25318.25,24846.1125,True,True,True,True,PASS,PASS,PASS
1437,2025-12-01 23:36:00,Long,25393.5,-47.0,-52.5,4601.5,23,80.25,25408.0,24861.4025,True,True,True,True,PASS,PASS,PASS
1439,2025-12-02 02:31:00,Long,25384.75,114.0,-121.5,4766.5,2,78.92857142857143,25391.0,24869.84875,True,True,True,True,PASS,PASS,PASS
1440,2025-12-02 06:25:00,Long,25496.25,200.0,-77.0,4966.5,6,59.482142857142854,25368.5,24877.01375,True,True,True,True,PASS,PASS,PASS
1442,2025-12-02 15:27:00,Long,25635.25,38.5,-120.0,5026.0,15,61.19642857142857,25647.75,24909.225,True,True,True,True,PASS,PASS,PASS
1443,2025-12-02 23:10:00,Long,25671.5,0.0,-31.5,5026.0,23,80.71428571428571,25623.75,24941.0625,True,True,True,True,PASS,PASS,PASS
1444,2025-12-03 08:03:00,Long,25663.5,3.0,-485.5,5029.0,8,42.25,25659.5,24986.97625,True,True,True,True,PASS,PASS,PASS
1445,2025-12-03 15:11:00,Long,25679.5,-106.0,-131.0,4923.0,15,56.892857142857146,25563.0,25023.11,True,True,True,True,PASS,PASS,PASS
1447,2025-12-04 02:06:00,Long,25664.25,8.5,-123.0,4856.0,2,66.35714285714286,25649.0,25069.39125,True,True,True,True,PASS,PASS,PASS
1448,2025-12-04 04:55:00,Long,25688.25,-98.0,-111.5,4758.0,4,49.5,25639.25,25079.98,True,True,True,True,PASS,PASS,PASS
1451,2025-12-04 20:00:00,Long,25654.25,21.5,-2.5,4930.5,20,78.01785714285714,25627.25,25115.34,True,True,True,True,PASS,PASS,PASS
1452,2025-12-04 21:02:00,Long,25685.75,17.5,-13.0,4948.0,21,78.16071428571429,25632.5,25117.68875,True,True,True,True,PASS,PASS,PASS
1456,2025-12-07 20:35:00,Long,25758.0,22.5,0.0,4769.0,20,71.85714285714286,25746.5,25299.74,True,True,True,True,PASS,PASS,PASS
1457,2025-12-07 21:33:00,Long,25781.0,16.5,-23.5,4785.5,21,71.85714285714286,25746.5,25299.74,True,True,True,True,PASS,PASS,PASS
1458,2025-12-07 23:39:00,Long,25800.0,19.0,-29.5,4804.5,23,73.28571428571429,25747.25,25306.725,True,True,True,True,PASS,PASS,PASS
1459,2025-12-08 08:05:00,Long,25806.75,19.0,-6.5,4823.5,8,33.80357142857143,25774.75,25361.03375,True,True,True,True,PASS,PASS,PASS
1461,2025-12-08 16:56:00,Long,25703.75,36.0,-9.0,4876.0,16,52.589285714285715,25680.5,25418.1575,True,True,True,True,PASS,PASS,PASS
1463,2025-12-09 02:43:00,Long,25691.5,22.0,-11.5,4809.5,2,66.55357142857143,25698.0,25458.52125,True,True,True,True,PASS,PASS,PASS
1468,2025-12-09 22:01:00,Long,25679.25,9.5,-32.0,4629.5,22,51.32142857142857,25671.5,25532.3175,True,True,True,True,PASS,PASS,PASS
1469,2025-12-09 23:30:00,Long,25683.5,30.5,0.0,4660.0,23,51.125,25651.25,25535.6425,True,True,True,True,PASS,PASS,PASS
1470,2025-12-10 03:07:00,Long,25733.75,121.0,-411.0,4781.0,3,43.964285714285715,25673.75,25545.0775,True,True,True,True,PASS,PASS,PASS
1475,2025-12-10 23:41:00,Long,25517.5,9.0,-69.5,5005.0,23,92.625,25684.0,25595.15125,True,True,True,True,PASS,PASS,PASS
